Images,Name,Rating,People rated ,Destination type,Prices,City
https://lh3.googleusercontent.com/gps-cs-s/AB5caB8VYB2L6O1bh3BCjzImmE6h0e7YYzBUvhqDUUKzJg7gJBAbFXuHlDSquizUuPcIwcgCbFKfrxeBrpgFwZ-qLMU5Dmml5hOYNKXa8mdtjgVzhpzfLqClIq5DsNJKjI5vAgHJb9e8eQ=w148-h148-n-k-no,Shri Hanuman Garhi Mandir,4.7,(35K),Hindu temple,Free,ayodhya
https://lh3.googleusercontent.com/gps-cs-s/AB5caB-cVAi_MbR3SdX1hu8gXjn2WGbyFPfkjj9NaGhgecc1oSkV18ZcUDy88DRMQ8PsKVEqNIQF4jtwL_ryrCTR5_lutJYweEHdHUAgvcCiPcpLohz6c47lXELH-ueGNVRiBI3P31g0IA=w148-h148-n-k-no,Kanak Bhawan,4.7,(2.6K),Hindu temple,Free,ayodhya
https://lh3.googleusercontent.com/gps-cs-s/AB5caB9zo0NWd_z1hprf5ofkNCfPxC5vo3jY5YoWXKru3wUiAQS2HJCHuFx8JHen8h3RYoRglf67wnNV9wiI1uoVjZ7uFr2t0fnZpWziiNK0s1juR02fXAQ4VtyC79yti9WnB5bIDQ=w148-h148-n-k-no,Shri Nageshwar Nath Mandir Ayodhya Trust,4.6,,Hindu temple,Free,ayodhya
https://lh3.googleusercontent.com/gps-cs-s/AB5caB8KK8VBdnEIYrj49zM7cBqDcvCWe6gujmqP78lzsbM5nI1DxkcgsQsShGboMqdWA1Qy2XPi1rOD38Zzcz8qTJ1QnaF7db0xhrWAtREVm-NwBf9JH6PfMx3Ep0E39_xfJ5WJ_QQ=w148-h148-n-k-no,Saryu Ghat,4.6,(6.9K),Pilgrimage place,Free,ayodhya
https://lh3.googleusercontent.com/gps-cs-s/AB5caB-GoGKbTUPIpiTq3eRI3124fWcazSj9zXBXbTT8g4bLbxFtvYcl0nwaxjBpKliK1uR6RsJ640lJXe6-jNc_9oXT0n8vXypV6yDmn-HOofAHJOWQcJe9CyQvV4DrECVaOkS6M6Au=w148-h148-n-k-no,Shri Ram Janam Bhumi Nyas,4.7,(2.1K),Association / Organization,Free,ayodhya
https://lh3.googleusercontent.com/gps-cs-s/AB5caB-ZMZ4VnvSv1x5JLNL8I2uf_5BSjMYcGT2R8MjYhNFeE9W815mbG5XThihDh21VOjw8qgt093vDUAiYl8_g6XLQZaoIlwOx8OI0jZe-3IpHqiCeGS2mLEbKiWw6y67kwZ7VU9PN=w148-h148-n-k-no,Raj Dwar Mandir,4.5,,Hindu temple,Free,ayodhya
https://lh3.googleusercontent.com/gps-cs-s/AB5caB_IBBFA3NDWEXeIGxTLaWaLELwqz96C0F4GpaLaDHFBVus4GfnwXmIsBUgnsdq7Ez93MdDmZG8KZoOnVB_HsaPtJq1Aq0ENH3-IyKfUlkjSVCMfmxAb1shq1e9sChdf5ChiTisN=w148-h148-n-k-no,Guptar Ghat,4.5,(4.8K),Tourist attraction,Free,ayodhya
https://lh3.googleusercontent.com/gps-cs-s/AB5caB87WPpFPQIVJPrnPWDpUPIr2sLwjSsCshtW5kSrpuQ2HFEpfmOmr5YbWFs9GqmCmjSFvfID6Ft6STs-GdIhAyTymOm9mYxIxWl8hsZyK49Zcn2Ge--XgDtXR6URh9eCkVoxg41g=w148-h148-n-k-no,Tulasi Smarak Bhavan,4.3,,Museum,Free,ayodhya
https://lh3.googleusercontent.com/gps-cs-s/AB5caB8QkFQEzNZEQ4wFRZ31ySxR1dzqm0lqSMR9CnZF3xc6Kyut2q1Winf5JYiodsx6o_wVh2JaPVkkqHY05sNu0H2ZTbHhechh6LTSDVjzt9KTh1uAgie37pkNJaXNGHx1BdrJtV4=w148-h148-n-k-no,Imambada Gulab Bari - Tomb of Shuja-ud-daula,4.2,(1.7K),Historical landmark,Free,ayodhya
https://lh3.googleusercontent.com/gps-cs-s/AB5caB8EuWNX6RpvPMhovD3JxVHphj6RUn6J61d-i_ENzdXwGCl_aQyG6SQhCgH8on8Dai1mTZnJYZIGr9ZIpqgOM3-8TkZR0tB-IlUPee_evGe23UH9WW5C9G2Ik-uQQInvNFaFx5JdOQ=w148-h148-n-k-no,Shree Ram Janmabhoomi Mandir,4.7,(8.7K),Hindu temple,Free,ayodhya
https://lh3.googleusercontent.com/gps-cs-s/AB5caB_rexElYjDdZc9Al-ruRGdBnD7xMKybTfXo1XN6vbDSoDXAVH7uVCPXAKcqpJ35heV2Gqb-jYqC8-RVjT7C4StZhqXcYpiCtZlQlrfgoU5VpdYPcZ0P-yq3_GWx0IZNY0oJaII5Dg=w148-h148-n-k-no,Ammaji Mandir,4.6,,Hindu temple,Free,ayodhya
https://lh3.googleusercontent.com/gps-cs-s/AB5caB_QVtZKiUELx7rLA0OUNHxtSHcRfigQU2E7VdB7tbbcHOZzRBtdT9BaHTLw0oB12bfhkhpE4D1JeNXwPZJWXo6sqi_01rUFPd_HF9run_TWb1bQHZu_SjLN-4WF7LmbXEUmRAFT=w148-h148-n-k-no,Sri Nageshwarnath Temple,No rating available,,Building,Free,ayodhya
https://lh5.googleusercontent.com/p/AF1QipOcYK3qcpok7ZrM0_7u4wnlHU5xyrPHDihmIakK=w148-h148-n-k-no,Shri vaidehi Vallabh kunj Vaman mandir swarg dwar ayodhya,3.8,,Hindu temple,Free,ayodhya
https://lh3.googleusercontent.com/gps-cs-s/AB5caB-ddrPazcWA_jknhC1fidEFR7uMQawSpa0YqzN0dXBP60V9ikSlBZK0elBYrtxdKZQyZ0uEHALqbcxtwLw5NzmwUHyHxASTKRjBIS2DL4Ihkb2WA_ArBvy9iH-iuWoPlAvkfaht9Q=w148-h148-n-k-no,Dashrath Mahal Ayodhya,4.5,(1K),Hindu temple,Free,ayodhya
https://lh3.googleusercontent.com/gps-cs-s/AB5caB-6y5JZaIdE3uJApdGo_tDk4KUji0r9XkFrsB0pjUv1Nce70jfqP0fhugja39BIYNMT97PD5_wvs8snHgyOlGHPiUPLFqxHug8EWHW9hhKQSsRNHa83T5Qudczzh9fRnDX-qPAJjA=w148-h148-n-k-no,Mani Parvat Temple,No rating available,,Compound grounds,Free,ayodhya
https://lh3.googleusercontent.com/gps-cs-s/AB5caB_PpPJaIlDRGm6Ly5jYYm4JDQ65SQEwLCz9kQM0UaO5_tGamKQ4c7OBfbD0WdsGMKrOd2VCkVDJuXXf26GB7Z68Qqg2wOmVzfO8gOPr4GBxuwqhPjWOLrSeiF7vkl0PUAzBKACf=w148-h148-n-k-no,Shree RamLala Devsthanam Temple,4.8,,Hindu temple,Free,ayodhya
https://lh3.googleusercontent.com/gps-cs-s/AB5caB_FFXwFagNvxlMZRHkCJOELAL6Zgj-h-da6wsXfrshF1RbPG6kQcgTHlRCUituVa6ZJLSq28PdgoVehjSGRVMr6b8ZuSU44DXLbIKfAG80CtB1UwD09DLZ_98kOOmouqhtpxp2_Ig=w148-h148-n-k-no,Ram Ki Paidi,4.7,(1.6K),Water,Free,ayodhya
https://lh3.googleusercontent.com/gps-cs-s/AB5caB-KSjPNbKibpVc6k7PdQrRBOXIURLZDyUml27gK-sTbkvq_ymMaxuSdKQ0dmrsroBdlTq23NZHCk-qvsSRqOwaQcUy0JPOfYIHEC_NwekN3zFC0Yvkfjr0hrGm-Kns-mDkJDoWZ=w148-h148-n-k-no,रामलला धाम मन्दिर,4.4,,Hindu temple,Free,ayodhya
https://lh3.googleusercontent.com/gps-cs-s/AB5caB_luHgLWqLqB0H4sz3l99HD1XmICJ_IstlhcWKj64g9sN6m2fKuM7YPKF1jYI_jYXxjXYGY49YihdhHOf8zTZpFD9zhUfUwJGph3I3TQV--2s3OH5JWIujm-6Tt_t8w9FkniiOLQw=w148-h148-n-k-no,Tomb of Bahu Begum,4.2,,Historical landmark,Free,ayodhya
https://lh5.googleusercontent.com/p/AF1QipPt3btSOssYcfo4DSHxPjK8ukfMbs3_Cfly08x-=w148-h148-n-k-no,Madhya Pradesh Tribal Museum,4.7,(16K),Heritage museum,₹400.00,Bhopal
https://lh5.googleusercontent.com/p/AF1QipPZnYHlQJGPucddn0zcZeRoyht3pMtIX2p3pF4q=w148-h148-n-k-no,Taj-ul-Masajid,4.6,(4.9K),Place of worship,Free,Bhopal
https://lh5.googleusercontent.com/p/AF1QipMg5EixAH-wXq5W9hmmT685LKEgn6QyIP5SQCwH=w148-h148-n-k-no,Indira Gandhi Rashtriya Manav Sangrahalaya,4.5,(2.7K),Museum,₹50.00,Bhopal
https://lh5.googleusercontent.com/p/AF1QipPJ64TuP0WtJgcho1vHt1yoHuW41AzBg22P5bfb=w148-h148-n-k-no,Van Vihar National Park Bhopal,4.3,(17K),National park,₹20.00,Bhopal
https://lh5.googleusercontent.com/p/AF1QipPfzALujLX91qtio2eMDX7X-5NT9P0IqZAiQVQ5=w148-h148-n-k-no,Birla Museum,4.4,(1.4K),Museum,,Bhopal
https://lh5.googleusercontent.com/p/AF1QipMHs_luzcQrm262fYKGwHD0pC8yyLvSuXECoH-h=w148-h148-n-k-no,Tekri - Bhopal View Point,4.5,(4.2K),Tourist attraction,,Bhopal
https://lh5.googleusercontent.com/p/AF1QipOYjn9KGRXQYe9yHFDjT9LhXY69oKCYJM7aq1HS=w148-h148-n-k-no,Upper Lake,4.5,(2.5K),Lake,,Bhopal
https://lh5.googleusercontent.com/p/AF1QipNBdbQJ7bDLek5L838a3QTF_Hf2SIoXYGf8hqnN=w148-h148-n-k-no,"Bharat Bhavan,Bhopal",4.5,(5.2K),Art Centre,,Bhopal
https://lh5.googleusercontent.com/p/AF1QipNEqQaJhkLRj89CHWKQ6xbFyG96uoLqhm1ICnY=w148-h148-n-k-no,Shaurya Smarak Bhopal,4.6,(7.7K),War museum,,Bhopal
https://lh5.googleusercontent.com/p/AF1QipPFUiT7hK6Icajmc35aSuDkK8oySXR5PlG87SyT=w148-h148-n-k-no,Nirmaan Excursion – Yodhasthal,4.6,,Museum,,Bhopal
https://lh5.googleusercontent.com/p/AF1QipPVWG0vShxWDYpBYKJXSMiLCNciSnA3CVydVwia=w148-h148-n-k-no,Raja Bhoj Statue,4.5,(6.3K),Tourist attraction,,Bhopal
https://lh5.googleusercontent.com/p/AF1QipOqFdT4WmcXD6g49WiR9NkLAv9OvQ6_RgyVz3hF=w148-h148-n-k-no,Regional Science Center,4.4,(3.4K),Science museum,₹30.00,Bhopal
https://lh5.googleusercontent.com/p/AF1QipM6y-64fk0zsuzX7oNwZa9l4_pZZJSHAcX_8mZO=w148-h148-n-k-no,"Sair Sapata, Bhopal",4.1,(14K),Tourist attraction,,Bhopal
https://lh5.googleusercontent.com/p/AF1QipP5nkepQQwlm8aCYpEuWu5h7VxasqnPskn_9pg3=w148-h148-n-k-no,Kanha Fun City,4.1,(5.5K),Amusement park,₹650.00,Bhopal
https://lh5.googleusercontent.com/p/AF1QipMMOPt3NlJgvB_znnepEVQAPpjbKJNd8ILFlvzC=w148-h148-n-k-no,DB City Mall,No rating available,,Neighborhood,,Bhopal
https://lh5.googleusercontent.com/p/AF1QipM3WSqkmVYVCkkqtYC87MUjMra88Sjf-b0VA9LF=w148-h148-n-k-no,Upper Lake View Point,4.9,,Tourist attraction,,Bhopal
https://lh5.googleusercontent.com/p/AF1QipM2KLczto-QazE-kzX70Hbekr19DNkneg5cS7Ak=w148-h148-n-k-no,RMNH- Regional Museum Of Natural History,4.3,(1.3K),Museum,,Bhopal
https://lh5.googleusercontent.com/p/AF1QipPGHpPVG0rrRizg5oZKpo5X4ixR7M6CUIdCXE7n=w148-h148-n-k-no,State Museum Bhopal,4.6,,Museum,,Bhopal
https://lh3.googleusercontent.com/proxy/wIP53o6BsWtYk9hCYbc_K7q3QL0M11Ci1ej83_LgJp1sINP_9aUYzq1fw9xatR57DtDEZ2exx-aHwv8TJIeCWhLGoYnYdG9Ob3cbBCRki27AL_9xZ-uSeHynqKqqVLAx9Q8L8Ihe_5B8dMSUEBI2Gr2YvejfYQ=w148-h148-n-k-no,Lower Lake,4.4,,Lake,,Bhopal
https://lh4.googleusercontent.com/proxy/LVQEgeLUHrV9Q1VvIqKL0FtDWCL3TR_YS1dDeTpEBoBjNbcFIZ0ICbkVLHHKinj7EpOPpDp6eIDxW75wZlW2axJyfcXcJv-BnwojJJ7NySoFHbX74M1KmCR7CkReS2kS_AeUMNA8A8Il05X-ZhlA5LwtbeMWqw=w148-h148-n-k-no,Rajwada Palace,4.4,(68K),Historical landmark,,Indore
https://lh5.googleusercontent.com/p/AF1QipPMn2tJmFYGzVZEKJ8sAiPJwteYb54IimRS0ett=w148-h148-n-k-no,"Shri Annapurna Temple, Indore",4.7,(15K),Hindu temple,Free,Indore
https://lh5.googleusercontent.com/p/AF1QipNRkvGQj5CRgDZPFj2Rn9tix7tGvJqrjFmrVxqi=w148-h148-n-k-no,Lal Bagh Palace,4.3,(6.7K),Historical place museum,₹400.00,Indore
https://lh5.googleusercontent.com/p/AF1QipP_MzIiQQ7POpUh5JuvEHy6EYlyhGqzFl1f7eGB=w148-h148-n-k-no,Kanch Mandir,4.4,(3.1K),Jain temple,Free,Indore
https://lh5.googleusercontent.com/p/AF1QipNfxJJbZj9xKDYTdcM_UKm15eD3_AHbfj0B3SfG=w148-h148-n-k-no,Khajrana Ganesh Mandir,4.8,(32K),Hindu temple,Free,Indore
https://lh5.googleusercontent.com/p/AF1QipPx4mq7NzJmYAi-pA3HUghtdpSnDu_o_eZlSOZR=w148-h148-n-k-no,Sarafa Bazar,No rating available,,Neighborhood,,Indore
https://lh5.googleusercontent.com/p/AF1QipOOIvsrRBa1-yf0foEBwuYjYklBha16gO1TiVzx=w148-h148-n-k-no,Phoenix Citadel Mall,4.5,(10K),Shopping Centre,,Indore
https://lh5.googleusercontent.com/p/AF1QipOHRCW2yPp1AFBjQlCqojxGDdyb469Zbd4cFrZM=w148-h148-n-k-no,Treasure Island Mall (TI Mall),4.3,(35K),Shopping Centre,,Indore
https://lh5.googleusercontent.com/p/AF1QipP6n6kTqDO1X9fya5DDhCR5LUJNkEGBcT9Je6uy=w148-h148-n-k-no,Regional Park Indore,4.2,(7.4K),Park and Garden,,Indore
https://lh5.googleusercontent.com/p/AF1QipOQU4DYuk2zCnouN5B4xj3SCK2MnKCopYfdFTyN=w148-h148-n-k-no,Gommatgiri Digambar Jain Mandir,4.6,(3K),Jain temple,Free,Indore
https://lh5.googleusercontent.com/p/AF1QipMRXUCpobKnIiTzLEvPSXo6KBO-JmurB72iVduL=w148-h148-n-k-no,Bada Ganpati,No rating available,,Neighborhood,,Indore
https://lh5.googleusercontent.com/p/AF1QipM_DfSCTU6v23lx-E13uClsur5ZDvkBK1E6RXuc=w148-h148-n-k-no,Kamla Nehru Zoo,4.3,(29K),Zoo,₹110.00,Indore
https://lh6.googleusercontent.com/proxy/wxpCDo3sMdyTrO0xGtfzuTq1Wl4-YdxcqsW3YGxanb22XUcP3zRQmGLVrPuT_AKW1UGsLUb3b_WwKHsfeidJSvvRVmjA1gtMy4ddHHnpf5leG4urDM8kQ_bIPd7BTZFaZ8ArGpUKpvjRoJ-ykyKzgo75Iho9GQ=w148-h148-n-k-no,"Central Museum, Indore",4,(2.2K),Museum,₹400.00,Indore
https://lh5.googleusercontent.com/p/AF1QipN8Vl3RgF3zLviPvXivpIRMMZVqWoBzemeGiV-v=w148-h148-n-k-no,Gandhi Hall,4.2,(4K),Tourist attraction,,Indore
https://lh5.googleusercontent.com/p/AF1QipOBspe4EWILgIfUrqPHqFC2paNujgPF7MOF4r4g=w148-h148-n-k-no,Meghdoot Garden,4.1,(27K),Garden,,Indore
https://lh5.googleusercontent.com/p/AF1QipNyxP2Zld7voFDDKG8ESDRfq67OXU_wH6-5jfjL=w148-h148-n-k-no,Khajrana Ganesh Mandir,4.8,,Bus stop,,Indore
"data:image/jpeg;base64,/9j/4AAQSkZJRgABAQAAAQABAAD/4QBiRXhpZgAASUkqAAgAAAACADEBAgAHAAAAJgAAAGmHBAABAAAALgAAAAAAAABHb29nbGUAAAIAAJAHAAQAAAAwMjIwhpIHAA0AAABMAAAAAAAAAAAAAAAAAAAAAAAAAAAA/9sAhAADAgIDAgIKCAsICg4LDg4LCgoJCA0IDQsIDwoODQ0OCAoPDxAICwsLCRAKDQ4LDQoKCA4JCg0IDw0ODQ0KCwkOAQMEBAYFBgoGBgoODgsODw8OEA0QDg8NDw8PEA0NEA0NDg0QEBAPEA0PEA8NEBAPDRANDQ0PDQ0QDw0NDQ0QDQ3/wAARCABKAEoDAREAAhEBAxEB/8QAHQAAAgIDAAMAAAAAAAAAAAAABgcFCAIECQABA//EADsQAAICAQIFAgQDBAgHAAAAAAECAxESBCEABQYHMRMiCDJBURRhgSNxsdEVM0JikaHB8AkWQ4KSsuH/xAAaAQACAwEBAAAAAAAAAAAAAAADBAABAgUG/8QANBEAAQMDAgQFAwMCBwAAAAAAAQACEQMhMUFREmGB8AQTcZGhIrHRMlLBM6IFFGKS0uHx/9oADAMBAAIRAxEAPwDpATwwsLG+IqherriK14DxFEG93+oP+Xu38zD5mAiUeL9TY/4Lkf04HUMNK23KguwXU03Oul3iYf1RCqf7rgkL/wBpBA/u4j6cYpG0K35lM0ng6GsSeIolt3I6h5HynqeCPUBhHICrSq+oX0Gv9nJkjKIlJDhntNzHbbKpw4gG60BZSy63k2nXH1GNbZeppTlX1suCb/MAni7KlzX7S/H53O6B5ki6jUDUwZu8q6kBpakxvCS0f2EFkUs+OTj5BGipNquHNaK6ddve4fJe6PSUWt0z5RSDIZBlZfoVYMFIIIIuqarBI34da4OEhZIhEfGlS8uuIoq2/F93f0nRvT66f0jJK00Kxxg1dpIzv4f5FZB8pyZ18AXwBxk8KMxpykf0Z8W8fQ+iniVHjkdkAd47C+kzXiuNN6gNUfTwG43scU36ZVuG6YnJfj/6en1kYcjAKBMxjkDs4BJkjo4BGONKwse/fYHgsocI05H8ZvSnMNCpcKHyIZYnyCLS1NZVdiWKlfIKnzxOJThUV1/15ybuNziT0nyUARDdQJAC1shBNg5Gvlat6HngNTMojcQlaeiOQwHEaXYbCpZgNvsMxX7qFca8qpoLLMt1VGOa9KazRclErabFWLBJpZL9Uxn34XRNeLwSwYz/AGqKxYqVwf8Ahq9xeo9L3A1PKNn0np/iCRZXSuCAGRqUkajIKVctiY/2YGUrNuiSHcKorotfDkrKyFcVKkLnT3a6kfrL4shGSGSCWeFaojKnyP1rClQg1ugP58Cc2BPNMDELLqntny/nmqyFo2RtojiTu3n7/e/P8OMKkJc57LYadm/ENVEn1FRwK3+oOw3/AE42J0WEuukOm9F1xJIsEkTMlh0eMxsNyL9lbgimBpgayAyHDTqT6f6vz6j1Qm1Gvx+OqJYe1PPzOFvD++kku3gZC8zf3Ox/Pc8AqO4hHstiy22+G1dQ2R5rqrO5Bnl2J8/2xwlwdyiSk3150kOUcoQmX1WVEmgkhZzpcdjIN5JBG3yqwURs0jC5JSY7KUNOj4LOx/N+ad89Drly/CJnqi8UqqRisixI2Jso8hxKewsPWDLi1cU1skKLqQswYcNKLySWQxGiAaNEiwD9CRtYH1Fi/uPPEUXODRdqub9C94E9XVCVxPOs0wQp+JOE2UmOUmBkenrJ8cas3fGHGxHeUWdkzZlK60j8zwEFWVhzLSDWcvdPurL/AOQrggOqxG6rF2S6M626L7ixtqNIwVsw8oCYxhxtESCSQhAVSFCutMcXvPpVfENewjcyLYP7fQXwkadFzHA7CDfPP1Nsq0EsKn/f345xTixaDJvH8OB3WlVjrbs6mk6c0engglk1MsaMyxGkjp2fEtTqUpVXIo7QEI8xRCcZFkNEnQ/a3rLnvMV5es0bmJLj0uoZ42Rb8wG9P6iqWUM5GLugChneU8VGitdA+wmh5p0z0Iumnf5CEgDSwy4RBUKRIyx6VmWIMFUyo7unpszuzluDtwrR1ybnS80aUjwrlB43xC7j8ibrigZlSFULvYyTdxnhHzGZ3begiMSGZj4AYMwA/tE8DeSLIrQNV9fwqxsAP3i/t/s8DJWoJsFqdTaAT8gaxuCrHIP7cWBJNAsuIu/ba7/nwpUq8TZafTHSJgflM06cVA14xcjltg5xMEXvZLqXW66XdJHB8lVLDxuXpcVVFAtjubsmx7loVDTMONvXfS5kknpgepHNFa+t5tvEzEANtJOZzIuNbVdz/wCm9GzQzMkifNEcXysqDZZbtLFb7gn7bMOqcWEt5fDZwXqPutr0QAwgn6nIC/zrA1f2s1xfmlCNOSoLqKHVw9C/iV1sp1WnR9OzQzyCYGNmKihms0WoZPd6ixmPdVKOrUQ4kZS2kIW+HzuHq+YdzWk1OsnVpFSKT1W1L+tTEIWkkeZ0MZYgL7EbKzb5ZKF5OVu02Vz16XH01E/6O3/3jUHdEWcvfDkvZDpmUMdTO+RYUsrxxEKB6Msiq6RFsbBei7Miizjwyw8LVkqjPe34g5OrOoNQ0ekZXeZ5HkGbNpfSxCgsNhjRzVwyhgb3JAC93EDjKy42Rn267z6/X9KPpyyyahCAPpWQNDcCwL2FbEbE0DwIEuHCUww8N9Qt3nPWfW3T3TmsUCGRyqSRo7u3pBiIypAxYfKzVkQz1RolY12/SQy/8co3+/8ALDnl0vdEn3/6+xt0Smq+ITn3KdSUkggDbbftQf37lv8AXxw1EjCBMaoQ0Hc7Ww9TfiCVNvnIjmxMCbMbt84UgKBgyenXtrJwy7qIA+kEHSNOcY9wU7Trku+sgjWYv1z+EwYu/PLFiF6eK6F++D/WIn/HhY+bOD/d+V1G1aQAH0f7af8AxQA/VWrHOmn9TKUsGcuot2Tezj5+7AgZ+SD54fhwuuFVAbdsDIjJybHn7IvhOp6jRJ1lDG/SEkYwO9tkjFosmqRTlSEEDKwgZ8lxKCaQ4eIEfz+PlWV6M7v6noDsW8+omjMoYRwpkzNVrHZUgMMKdiq5+wA7ElFR8LRPh/MJe53E4uEkmLCQOVpAGJTXiPENqtpw0AtbwmBE3ME7mMkpSfErzHoh9Sj6J4ZdRg/r6iCeNw7LbZS4kjMElSrFRGNwBSoesb9979yuc+Bgj3SE1um5vptJk22S5e1R483dggitwq2q0DQJHAeAEgAeyE6RfvZafTfOY9PrGGZBpv2rqGbwQUQndCb3Kje9yvkEa2Te3f3Vh1kx/hvn1Oo621iM5czRBi7szFzCwNuxtiwDULPi78DjT4ICOEM/EhyX+iOtonsU8YUWaFxs1/4h1+1V+nDXhoI4ef33UfulbLG8Kknavmv6X9Pob/Lz5+x4MYBVRaV9Ry+Zxdf5p/Pg3lO2+QlzVbuiyaZtNzBAxAFAk0bGFEMWA2K2crJDA72DXHHyF2KVHHHABvfb1xPI+ytb8LPLeUp0nPNO0UUIljI1E5CrGW9NdmIunOAGFliwAGQ2SfVDAZk3x0TI8A6pWNOl6nQDloOQ3zbSL7863lHVkgm0upSXS6dvQmhiVlETsJBHNgVU+k6q6o6K6SePMdATa5cQ1zSJuOeMfFsqeK/w/wAlpcHBwFjGWmDE8jBvJFikT1fzrTczkdscbqqxbFd8wgo7ADyFtfewAHuHW4fLEG5+2410j0E9PLkl5B9d86f+KC1mtfmUcaHHMoD8ylFFgiwA7kMEDe1VYqaUsGoEp3dbAm2m+32ExAnVXcyZOY1HfyJuoPRwh3wyO9XSlhRxIz+UEGlvJSLuwNmGJAuD2D84GkdcMQTY99+6c/a7kml6T6607LKHSQahFI+ZlClgCoLFWbFWAJ3WvPjgVSxMd3RQDAK2PiV0EDHSTbimljqjvmFcD7HaJgc7FEmiQvDvhHhrjP57626wqfJEZvy79tY0SI6ovlmiLiMEhhbU+KgnNE8IpwEuNMrCqHuTG36/CwgtgnrA1A0BiYxpGIWeGWwZG+L7k5znM3veUJLr9Iy7vqL+uLLX6fWvtfC/nv8A3H3VeXS/b9vwrIS9nTz/AEMjpOrYXclrsMq9qj1JBVtgSEzKtS1x51niDgg988d5XqK3C5oHGHGwnYCbdNNL7hMjW608v7F6aD0SzfiFZ4V/6K4zlWcDYKCykZBgNiLpTwB8lwAOjvu1Y4nmm8sySwf2vt8BBuo5uI+22uR4mBZtKI809rFHc2DteJFWaqwd7I4DT/rUyP8AVboFTGVG+Cr+a0ji4APdx9x8c0oedfi9BzjI/MCQxJsrYFqT7gpBJU/vHmwOPQETO8mfjPWR6kbheWpv+kA4gdx7Hl0K9azS6hXaVnXE5Bcic2BK+5yRewYg0+4J9zCgwnEEyPjvZEY0AQo3V6iD8QhQkqo3x8WvhV2FqBdHazubN8UJwUYI76N6u0/J9TBqWBeSOR1aK08CMoB7qKsSfmAIAJFnZeAVDFhlWTZb3XvdGLuHyKNJIsMJFlV1JbKlZCpFHY+oSSD7aHnfjLK1Rps0HqqBCCeb67Tcy5JPEHBLKCqkAG41ABulFD013c+PJquOl/nn1Ghj2Ri49BnU6brVrxMnmT7TgYsLJcR8j1bINh/n/LjBqNVSr192NXPoteFVmUF4AQpIDCpjRAoEWLo/WuORN++a6VexEJhdK6aFNLiFFE7gAUf3j68J1wC4Su34FxbTdBjC2uo+Scu1WhxaGMj6qyoQf0quKY0AyAqrVHOHCSSNpVI+82h03Lu4UiIiqqkYqgACbH5QKA/SuO3Su1eQqf1CFFdSamV+QP7juIr3O/uXzxKWfdYKH9NGo5fLsP6p/wD1P8+Cn9Q9VsYUxyLbkl/UubP1PjzwjX/V0WNVnzACTX0fz8/Wv5cZZYLQwogMfUX8yb/Pdhv+gA/dXDe/eyyoTWSuNW258n+PBWiwWl//2Q==",White Church (Indore),4.2,,Church,,Indore
"data:image/jpeg;base64,/9j/4AAQSkZJRgABAQAAAQABAAD/4QAqRXhpZgAASUkqAAgAAAABADEBAgAHAAAAGgAAAAAAAABHb29nbGUAAP/bAIQAAwICCw4NCAkNCggKCggICAoICgsOCggICAoIDQgKCAoICBAICAgICAkICAoKDQgICA0NCQoJCA8OCggNCggKCAEDBAQGBQYKBgYKEA4KDQ8QDw8PDw8NEBAPDw4NDQ8QDQ4NDw8ODw8ODQ8ODw8NDQ0PDxAQDw4NDw8QDw0NDQ8Q/8AAEQgASgBKAwERAAIRAQMRAf/EAB0AAAICAwADAAAAAAAAAAAAAAUGAwcCBAgAAQn/xAA1EAACAQMCBQIEAwcFAAAAAAABAgMEERITIQAFBiIxB0EIFDJxI1FhFUJygZGx8CQzUnTC/8QAGwEAAgMBAQEAAAAAAAAAAAAAAgMBBAUGAAf/xAA0EQABAwIDBQcCBQUAAAAAAAABAAIRAyEEEjFBYZGh8AUTIjJRcYGx0QYUksHxI0JTYuH/2gAMAwEAAhEDEQA/AGo0PH2mV84hQPScelFC9Ck4iUSySj4ElStlaPhco4UqUvAkogp46fgCUYRGGn4SUwInT0PCyUwIiOV/pwGZEl5qDjRzLOAWs9BxMqFH+z+PSpUkVBwJKIBSil/z/PtwM7ES8FLwMqQp4KPgCUYRGlpeFko0e5fy/wB+EOcmhFPluFSiQU8o4u51RDV43I+I7xFlULcm4nOoyqN+XAXJsAASSdgAPJJ9gB78ezr0KpejvVOOaRpFxaKQQYteRcIX1GjfEIybx2k7gv8Autdzpqo4c9rPGNzz/TJyxsyz5vfbyXXN7OYcJljxxmnfGnts5q3/ANjcdtnXKZVkvK+IzKUVoORk+3CXPATQJRqn5I35cVy8JuUrdHKPvwGdFCrRPWOlGOZeNnF1BAJI23ADMffjmqf4owjgSQ4R/rP0lXHdm1BtCUOoviKiYY0t3uWBlZSYlKi5Frhgw23YYnIbtvZWJ/ETR4aLT7kAa+gNyQipYAk+PgiPQnq6XaOGVDlI5AmACRkPvEoW2xsQDkb2sfccRgO3xUeKVS5LoncdLbtOd1FbBZQXN2bEx+t9Y8NDzOdLiWOin0CBkRM6lIDjY3AldSQAdgdjx1WIrZKTnDYCs+jTz1GjeqM9O6ABpo0WVQg0Y7stkMEklOqhQSmCAWQSKCVWY2YxuyfNHiwX0Fhv1vVup6moJAhDWIF0IAe9jezZWY7FrWFvFh5423fiJzXg5HFsQR4dRtBnQ6jTfGq5s9lCCJEzbXhG7RNNJ1tFiZCpxUnKwuQo/TYs5UE4re38hlq0O2G4mkatMSAeXK5F43hVH4Du3Brjdc6dXeqNdPUTKs1TTQa9qMRgxh4VyiewADySvkpJZrjUOA2iJ5jE9purVC5lSGAxbZw1JGovqCtSlhmsbBbdN3SPXtVGsCLU4KSglVwHwRWfUMamJrSG/wBIF7st7gRhsNnbT8I4UzUIb7TAJmb+snfb2T6mHa+5bdPo+IqoPctAcG3S5GWJ3XL8Zd7Wv2jf2HGq/wDE8OOUNibSXafpVIYJsXJXH3UfqiJnqaSPFzG7ICToFzC5WbRdVdlKqllmdQtsiylD241LCd21tRxIsDGuotr73HOVcLibLX6Ul+XkNJizMboxjuPwnRZElJvqyrck4qj4XfEObji08d83P1OnspAiyuDpKlWRkSMC7GNkdTmO9d2yvkkiOpEiPH9JXa9wMtzXZwZ2+0QfWPS8ogCdif8AmnXKVqTUks1DDFBWUTRZVNGlVOeXvTVJaWH5pzEjVURiaKVAwVG8Eq3HY4ntR9RppjywLweM71GF7Oa0iobOnd9F66Y5THerXKmZNSNUfXinZgI47tHaaQqFclTdSS6ux3di2Q6pMLZDSJRPmfTzqkk0MZcxpK4jQa7zWRvw0XOONpW+mNmHuFvYgq2nim02FmUbZ3zrI0NtFUrYVz3F44Dd6JTofUhTDoLTyISIyyz9jAhrsSl84yNrt24MNwu18itjxSY+lRaWh8SbajWBpcQJF7bpVXui5wc/Z8dQk3qP1Tp1MaJGjzK5EdsXhBcEnJtXKxeMK4QgqAQyYkXzcJ3zA4A+E3v8egGyNeaaXtJsLpZrOt9Tty05cxjGXj1ZNTM/UwKqAxVGjAbEG5WNTUXq/l3SSRI9jGzZzsRukwiDwbIKzU+5/aLi/sDVAD7D5RwB+QDt/E3k3xh/Wn1xXgSlboDlXzc9RIVgV15hO13oqQTwxw6ZRZCaETZKJAwlMocYANvs25Vmk0BukevQ5KGvLngAAAujyjSdNN6synQtNVwVQo5gkhWmZUV2SKYsyIX047jTl0yD9eJLCzKTlPxGWC0G+umo2xz3KM+ZxGURPpslWb6f82ooZpkeJ2AnlKJGVssbXVQgJjO63IYqR7q57c6dTHMokOqNcdLgfc8UZqNY8gC0rnfkPw1NOtYaUUtNAnUJ0o5XkBXlkKfuF2llnzEoUtKcWeGQpIFK26cYlhMAgmJNxbTX062omsDh4Tt66Kz6M+EVnMbz/JusfM5FmN0IqKG0RhNO+GStqyFWWXTtHHIQ30F1OxrNGentBk6zHESnMoA3edDxFlHD8OdLRJSy1jI05p5MBAKaRGqQJCGusYdo4i0RUgorYvkzfSV1cQXt8AkH7pRZTYAXGTu9UNpOqioMMR7ZC6z5W1mtlGwl8kHFgLC1jbZQclzX0Mxzv2aeg22VEOJspKTl7s5CaQkjjlXsKozIpUEqMSQniyi5uQLgEkDE2gwY10/lMYwk21Sj1jz2dY0iU6UUwKxGM4q2QDupZ40njdJABIsRIsFDvJdb6VCk3Nmd5h/HsZ3/ABChziBu66KVG5VOO0ygMuzDVjFiNiLfNi1j7WH2HFiAdGjr4Scrt66l6z+ICnwjNLHLDLLWU0kzNDEhjiEqpMXmwkd3+XMqXWJ8VkDRnIYcNbRkQ7SCBw/ZXe9aCCBeZ5rZ9S/iEoCipRQztUSz065iIx4IZVjqS10d5GkhUqoijd2EkZUZABRGFH9wGh+nRUd60QWjb+6vzqD0NgaYsupFI8UaXjZggLKHZzHkKdpNQs2qILuAuRfCMDJrYVlaz/24e273Vl9Jj7kXQDlno3DTCOFJpkWVpVAGCarFJDIzEKm4F5L2AXTvsCQZ/LZqneFxmOGn02KA0NEAniq56/6gCg00RhlBlLVDtmNN4yQqLfNKgbBslYAMqWOwvo0OzrFznHxesdBV34iDlBn1SX1j1QsoXKRUEUbpAiBws2RJTXQSOyIshALWu43xmsmB/kcrQ3nb7RPXqhdUzalJtd0DytpUievip4vl1Y1IlSSRqiRiWj0lfTMunkxkRu0CnUh/ohDK9jc0EwdIER7wpyUpgugRrPKEo9TVlLS1EzwVj8xWaG0k0loApMjaiHsXMhEjZZYgVbVkK208+FZXVAA0ZY0QHJTdma+Rx5W49Fcj6zpmkikFJFpxktpo8lQSTjmzPKJwruRlsgwJIUgC/EmlXyFpfJjXKByBH1+FDe7zCNN32KJVXyxLMH5koZiQvzTnEE3Av2XsNr4D+FfAS0YmBLm/o/6rn5cf5DwH3X0O5j8LXLTG0QpY0LKyiYBXmQudyrvqDUv3bqQXs2NwuNoVXgyhNJsLc5d8MPK1xAoaZylrNKkc0hKHIMXYljcgEjYEgbWAALvXFe7toTt1UCjTS6ka23GZ7UIUrZjkv5W3N7+LX3rC5Vgmy5I+Ib1V1mjWCR45AsqyuCLPG2GKr++hDLdgLA3sS/jjToUiLmFRq1J0VTSVhsBqbC58A+bE/a/k7e5405VGFXHV/U8vfGjgogTUAAya5LAHbxtsBYZAeTbgDqiGigfkbIiGVYgtUjGnbUiBcR9pZkWRzF3jb5iNMsSQCCDx4AHapdI2Iry7ltOEhOjSvKyIAzvURuCocyv2VaU8sauuKZRMAS27aaqRdT2kW+PrCgQff5RLqjn53lkSAmm0gjS0tHUkgntiSp04KlSpJK6zysC22dgFrNw9Nlmgj5P3RHNrPILGPq1Nv9NF49liAH2Ap7AfoNhwzuKe/klX6/hfXKppVG5Ma2/5G323yUf59+MHMt2AlnnvqHRx9jVlEJbdqtKoPdcLnZmZQfI2uxGw9x6TsQ+FclfEl8QjvM0K0szQLsGWVVjqjdryhBqHCQqCqvuq+wJN/Ue7Bkm6RVqkWXN9f6tEG3ySj87zFSBb8tA3328+ONRr2xYqkagQjlXqisk0MM8CQwysI2ZZGksz9qB+yEpGWIBdTddvAyZTzWkKWkOMK3q/kYlLxfgo8EiYS2vppZCpckPK4L5C4cABTkbXZLOcNIa7TYV7KSMw4Kv/AFr6SCIupoq0aouY3L/QFAQZSCUjuCEdwA9lJ4b5bHRKJm41ShS8kySJyHUSRlgQM1URgE5KSpMeLg7rcAHsubAQY0KkiyDdSVwxKNaw3UYsQbbG4aU4FV84qBYeBuCbrIAZRGLrVgADCLgAHuUbjztwqyNdz1nR9OPFPTDx4jjH/nj54NVbhJPMeQRB0tFCLjeyqL28X7eHkmF4gLDqinBsSASHNiQCRc+x9v5cZtRxym6Gt5Un9TxggggEab7Hcf08cKw7nAiCs4qmfVjlqZ0owQB1s4sLMO3ZhbuFidj+Z46/s1xcwydqMap6+FikVjzJ2VWYQw2YgMwuN+4gnf33346JgBddOkgWVTesbdz/AKPt+mSoWt+V23NvJ3485Qn3opv9NR/9f+8KX/r7/nwTNAjSB6wU4CS2Cj8MeAB+6OLL/Iqw8yXeYp3P/G39zxWKsDRf/9k=",Chhatribagh,No rating available,,Neighborhood,,Indore
"data:image/jpeg;base64,/9j/4AAQSkZJRgABAQAAAQABAAD/4QFURXhpZgAASUkqAAgAAAACADEBAgAHAAAAJgAAAGmHBAABAAAALgAAAAAAAABHb29nbGUAAAIAAJAHAAQAAAAwMjIwhpIHAAABAABMAAAAAAAAAG9wcG9fMTAyNgAAAAAAAAAAAAAAAAAAAAAAAAAAAAAAAAAAAAAAAAAAAAAAAAAAAAAAAAAAAAAAAAAAAAAAAAAAAAAAAAAAAAAAAAAAAAAAAAAAAAAAAAAAAAAAAAAAAAAAAAAAAAAAAAAAAAAAAAAAAAAAAAAAAAAAAAAAAAAAAAAAAAAAAAAAAAAAAAAAAAAAAAAAAAAAAAAAAAAAAAAAAAAAAAAAAAAAAAAAAAAAAAAAAAAAAAAAAAAAAAAAAAAAAAAAAAAAAAAAAAAAAAAAAAAAAAAAAAAAAAAAAAAAAAAAAAAAAAAAAAAAAAAAAAAAAAAAAAAAAAAAAAAAAAD/2wCEAAMCAgMKCwsLCwMOCg0LCg4NDQoKDQkOCAkNCQsOCwoKCAoLDggODgsKCgsOCgoKDggLDg4OCg0LDQoODQ0ICQgBAwQEBgUGCgYGChANCw0PEBAPDw0QEQ8OEBAQEA8QDw4QDxAODw0ODw4PDQ0NDw8QEA8NDg0NDg0ODw8NDQ0PDf/AABEIAEoASgMBEQACEQEDEQH/xAAcAAABBAMBAAAAAAAAAAAAAAAGBAUHCAECAwD/xAA4EAACAgADBwIEAwcEAwAAAAABAgMRBBIhAAUGEyIxQQdRFDJCYSMkUggVcZGhscEJM4LxFiWB/8QAGwEAAgMBAQEAAAAAAAAAAAAAAgQDBQYBAAf/xAA4EQABAwICBwcDAwIHAAAAAAABAAIRAyEEMQUSQVFhcZETIoGhsdHwFcHhFELxMnIGIzNDUoKy/9oADAMBAAIRAxEAPwC3fwn220az68MCPbb0r0LDYEfp28uQt4t3r7bCSugLK4P7beK5CVwYQe2wFGAhz1X9St17rwpxEoBJdYooiwUzyymkjUkNWgaSQhWKxxu+U5aK9ap2bC+JgfN6Zo0+0eGjaqhcQ/6kG8mYpDupMNoRnZGlK0asNnUdtV/LsLqwRe1W6tXcJAbHMk+gCsW0aLTBJPp9ypa9Gf8AUS3JKYosXw+zO5RFfBLK7SSOQtCF1TuzVpO1gFgv0LETVebt8x1ifcqZrGC4PkfWFedd3Kdaq/B7i/B76jzrtDdSQFFRwW2qlZ4hZGBPtt6UOqs/A7dle1Vj4Lb0oYXWDdjE0BsJcBmuhpOS6xYFvbYSV66rT+116XTYt4nm4gKxwhVw+Eh0eSRznnmndswylEWJSqB4xYSQGd8lBpXENoU5OZs0cd/IfjatPoTBnFVdX9ou48Ng5k/c7FFu8fQ39nedi/MiR5OrpxuJQnN2KoZ6F3YGQXmvW9sG3SGOZYOy3tB+y27tGYJ19UX4keUo49HfS7gDdGK+Lwu7opZeWY0OIkkl5AcFXbDqHXLK6Ny2kIdwhMalVeVZSbprGCzoI4iPQj05KM6Dw2bSRyPvKvRw/wAWJJFE+cdcSN4+pQf87bei3tKbX7wD1Cw9c9lUdTj+kkdDCjyD1K4KOo4nh/5Oo7aH5svY6H22aGkcMbdq3qEJ0TjB/tO8BPolUPFHDTHp4hgY+yzQk/yDbOU8ZReO7UafEe6SqYDEsPepOH/U+yc4PhGoLi1YnwrKT76AE+NdpRWa4wCEu6i9olzSOYKWYfd4B1T+mxuJiyhaRN1vicMoJyihsDZI7y9UIDu7ktI8IPbYpQBVt/aM5fx0YLk/l41CjWreRidOwAFljQ1Fm8o2wWmmudibbGDwufx5L6p/ht7KeDvYuqEDidVtvXzVbPUHgXCjDSyOoluQHqGXKFjojMmVr6AD1C9L6hmGbwtUurhotmPNaDGMFPDl0TF/JCOCxmIxET5NzLYlQgR1nXMHtte4vQgg3mBLXRFlXpig8S751Kr8JiDimOhsXjP8BOUX7TnFeHAgHDzsIRyw3JLZhF0Bs3NF2BeahfetranpajTYGFwsAOir6mgqtVxqWuZzO2+5M2/JOPIQx/8ALZyeoUsW7nGahqegn6g3zWNSdCSaFlai8gGm3q73WhqYao1pLatQnkyP/P3TPgfUP1MUWN6SObvXCx0Qf1kDKKH6SB7nyGHNw5tDQP7kowYkNkucT/aPNFW5Mb6k4wZHweGkNBg00Ljl/wDwBjmYEAFWsalge2yz6mHomWh3gUyyniarSHublNx8HmpE3fuX1QRgfjVXT/ahMscJJUDQEM4F9VrINb0okDn1FoEAvHGTPqh+n6x1ndmeGqI+5806R4j1hjNrjMQRlAr4qYWy5QzAcwAfKbAiAOc2Bptz6ic+0qA83R0lR/S6R/ZSI5D2SmD1F9bkJ/OyDq0/FRrGSurmiXtJ1Ghqpy2DblkaZqAWrO8R+NyXOgqDjJpMz2EhZxXGnE0khlxOBmkfIFzoqlyAnbKqUOpRX27m7Jrq2kKlQlxqSSIuNk5K0oaMp0mhjWAAO1hDtuU3MqP9/b23s+FyncUzh07pHID+KptpFKKAwDZToa9vAgp6jKuvrgQfumK1Go+kaZZMiMwgncu9OQr/APopxZU9a6Aoekg/hk0Ce6LZHYi7salXtnCXt8FV0cN+mB1WO9UPvxfui9YTfnoY6+daN/xvYjgGuM2vxCj/AF5Fod0Ktbv/ANLhisuXe7xLG6ZghOZ2a2VSdOilphqCCFy1qtPo6kahdETbMTnOXRWOk8WzDBheDc/tMZb0gwXoziICEffZkXMwHzaFO+lqKpjWpzd2II6vY+g6jExfdwjepdG6QbigSwHu56wG2dyc+HNwzJN8y6I4og38hAyC9F11GvtpshI1RmrA3Noj8ohx8ow+FGKlSOOCwDKwBALyclQQrq1mY5AcnnwNdrSlgK1YBzMjleNseqp6+k6FKoaTyZGcAnZOzgmnij1C4fwC8zF4tYUJoOQ2UNZ0JW600W21rvsrTo1KpLaYJI8UzWxFOiA6oYB3p34R41w2LVJMLKZUkNIVZlVwFZjRYr3rNd1S99a2Lsaod2f7t32UZrUjT7UkamcxbdKfMXHj1ZFkwhTNddeYGst0AT2DDz9V+L2CrRqUh/mCJyUmHxFGvPYuBjOOMxmOHkonxm/8XSxmwsZkBEjWDlchMmYnUCvHY60cxWMgSJ4J0yC5dN6en290DOd0EDwbJjU2Pn6UrQj31OtA3tO6g9ty23ziUqzG0nkNa8E7pUXTcN4yzeEjBvUZU0PkWdduCu2MymTTM5eisPBxvhoZchwp0dHc0oXKgIUC2Xq1bQiqI112a0fVZRDi8wZFiDkPDis9pfC1cU5jaQkAG8iJMey9u3iDnKOtSUvOUJKFmI0QmiQEUFj7kjZbSOIbWc3V2D15p3RGCfhqbhUsSfKP5TGuLIkdswGWInUDN2B0Pu2uutGM/fZAzAA4q7gSu3q1vvduJ3UmAimJm+JgdhT1y4cauImBZQ4vlqcqmi3YDvW0weMo0qQa43g7DnPLevnmkcDXfiX1Wix4iYgDftvzQZ6mcDx7zj5UiLlBVihokFm6L1HbveUdzpem2cp4g4cl9MkEnPh0Vtjara7WtIBA2Z3/AAnn0n3U+AiWFSp5TSIiWKtYXVR0liBZAJCki7rxsw3ENNdtV85ST4clE584N9ERll4o0h42kllVXjCEOmRakzZeUglJLKgP4qkLWuWiwGzGPrMq0wWGYPHhw3rmhMO+i54eIkCLi8TuPFC2LhwhWa4M1c4jU0MrsToPfsTp2q+9UTzkeS2ZEnp6KXeJeO+HJMJMoxwLGFummBzBby6ga2K0va+qVmlh7wyO0Tla2awmHwdZmJa7UMB2cbJz5QoNPD+IOojSvFl7rxdbZjWW8sueM4SwEGIbDy72OHkaNivLw2JlV0wyyIvOnhw8kYKiJhymxBf6AgzRZ9lXwzq1V9RzgBM7z0nl8C+YUcU6hTaxutYRYwPnzamLH7xaHKP3iWVlVlKjls6OgcExSxwSqcjDOjQqVN3oLNc/Cw4tIBI2i44XTrMbVIBD3dT7r2FXE/7kuMaCM5lysImlYxgsyxlVLksekAWdQQT2K51A7UY0OPkPme5Sfqa0axe4eJ90l3li8UF/L4OOC4srSMYjipC5t9VBVA1hg/4pPVcSkXtIDfv34DIRlz+XS7iX5k+N/VAfHfrTj8BFEkW5mndyAqgooDub/EJEjGS16YwhWioDAUit4fCfqKhBeGxcmJ8suc3XH1HU2jVaTNgJhOu4/Vff9iDGbm+FYMpBXK8J0JbOzRoym7INv36TQUr6tRaz/TOtOyA09JPzOFynUNSSXZWkEkWzvAFjbcdhIUjrxViEVUlVGQHpkHTiEFswHMNqRWUAZVqic4sAJWiAIcNoyOWY635CN8gc8GWuPL2PzfK1afFlXC7yMsaSFrCx2mbqPMQodQSVIIrzf0gJpmA5uq49Cp/1eIE98lEO4eAuaDNHviFHJsoVtnzanOViyhmDEgdXzdTLfS4cMC0eWfr4KD6jXB/rPkh7DYiJwHUEhgGBpBYYWDWUVYPah/DZHUi0eX5TRxtb/mfL2WvFXHWPDzusmZHmlILRYd7Sed5stspOUGQ138r2Cg2Dqrw92qbSb2yJO/Yq7s2lo1heBv3IZ4Yxs0qCQYG3kjJaRlCxx5ZFMCwxDJmUQIFR9FA1WlLKquILnPOs6wIyzNoMxYX2cEVNsNEBcOIt04R8rPiWYvLdu0ttbmUg6ZVBLaZES0pTdKQDamp3QLRs5R8vmmWU5Eoo3njpMmYJY6uli9PmJUEUpvLlIIUHL1L3AGwmoIn58shDO9CAfVv0+SSKMYXErOeezG5sMJAhSg2soAJ0AytpQA0Gj+Cfquc5wIta21E4iQCbdfRC2B4X3ksEdspljl5hDYjDO3Ty2UEZ5NC4IUhxlIH0khmqtRjqjjNiInqDx9/RUNIFt+zL0UmYnBLLEo5GZFdgAFtGUF41+qqyjRhlLV3AYo1U5+qSAVOwWumnC773hHIFjhZWAAztn6latCOo0xsDpNUdKA2jcGlsv6KTVkwESYjiopSHGCOVSoKowCsrkOyPESCrkMSBqvUHHex2nVqss1x1Dv2eO7+Eu9jJ2SoTj3PvmICP9z4p8gyZlhxBRsnTmUg0QasEaEajbTjvDWAF7qnNjBVsm4Z3MSGOBSxR0UZhVVRodq/V4rbB97etjqjcucHC+6uqsJQb5rJF0POo8dvG3u9Myh1Gi0LaLgjcthhgluwbvW0sA6nuLNbSlzjYlCGtGQSibh/ANq2FzUQdbNVdVqfc/T5I87cvvQFjNySrw1uFe26Yx/wj0/jS9r1799ukow1sLaPh3cev5GPtRqNO3kHTtYuiP7UOyEBY3OF59xYAdsCAe3yLqPbsT2J0oj7d9gI3KRpA2Lk+5MCe+DW/uos/djX8ur7D7jdFbYsfuvC9/hF9rofz837X/wBD2a8nSKfFAAB1FCqGahXgaDt/AbS67htPUodVu5JMLNIe7k9I77RlcCWKxoa/SNiC6c00uxzDXwf77CF0pbJI/wCrzt1CmSTEzAmpSNfBPvsuSdZSQIT1imI7GtR/Wr2Y2KMJDi2JAs31bdRL2HJy9/GwldK5yIoUdPn/ABsUBDKVLI36tglcK//Z",Ralamandal Wildlife Sanctuary,No rating available,,Wildlife Refuge,,Indore
"data:image/jpeg;base64,/9j/4AAQSkZJRgABAQAAAQABAAD/4QAqRXhpZgAASUkqAAgAAAABADEBAgAHAAAAGgAAAAAAAABHb29nbGUAAP/bAIQAAwICDgoICAkNCggICAoICAoICgoICgoQCAgKCAgICAgKCAgLCgoKCAgNCAsICwoKCggLCgkNCg0NDgoNDwgKCAEDBAQGBQYKBgYKEA4LDg8QDg8NEA8QEA8QEA8QDw8PEg0PEhEODRAQDw8PDQ0QEA8NDw8SDxAPEA0QDQ4NDhAN/8AAEQgASgBKAwERAAIRAQMRAf/EABwAAAIDAAMBAAAAAAAAAAAAAAQGAwUHAQIIAP/EADAQAAICAQIFAwMEAgIDAAAAAAECAxESBCEABQYTIjEyQQcUUSNCYXEzUhXRNENi/8QAGwEAAgMBAQEAAAAAAAAAAAAAAwQBAgUABgf/xAA6EQABAwIDBQYEBAQHAAAAAAABAAIRAyESMUEEUWFx8BMigZGhsQXB0eEGFCMyM0Ji8RVDUnKDstL/2gAMAwEAAhEDEQA/ANdi0XH3TEvBwi4tDxGJTCJj0PHSuU6aLjpXKUaLiZVpXP2PFJXL46HiZUKJuX8dK5Dycu47EohRf8dxOJRhR8Wj4DKsjI9JxEqymMIAs0APUnah+SfjjnPDRLjZRmYSP1L9XIYlOH67Y2GUWgJsLcm12R6Ld7C19R4zbvxXstA4KP6jv6f2+J+krRpbBUdd1h6oDW/VhlKgQxliPYJBYk9e3k5RSaB8gaDCjVjjzh/GtUnu0RHFx+n1Wl/hTMsd44Ltyj66xu4V4ZoIyP8AK2JUOLzVgDkF2BRgGLjegATxr7L+L9nqOArNLBvzE65XjcY5hqQqfDntEtM+n2Wico5gkyB0YOh+RexoGiDRBAIsEAjj2OzbbS2lnaUXBwykdZrPfScww4QjDpOG8apC6NouJxroUf2HEYlMJdn69gVGcSxvimVKw8vgLbUoJJCnIqEJ8sRx5ur+IdgY0kVQ4gTAuTwHHfu1gJwbFWJ/b4pE5p9Zn8wiRK6RPkjMN39VZZMl8QGQkgUAWJN4geP2j8V7Q8/osDRGskzOcCNMr/bZp/CmD+I6+4dfJZ3oet5Hhl7vd1ATyTuvIFkWm2W5FEhsBcgquqnYe0nxu27XXrBtOrVcRuLiR4j6ytFlCmwFwYJ38PRW+gimneMRQwWqh9RTFVFOxiQHGjKw3pmHabdT7WXMdTaN/WaYax1QwwXAuiOWdDsCRimnKhHd5MiCyn9syyK2Q9boBRXmQA7VfUME59boRhsp0F95+XXij9Rz1kdYo1jZFCLcofKbIkxFWDFABRY2hG6mt+IAFpPgPnqiyGuDAAfdWWk5PEk205jk7f6McIxXuElQTIgXJn2AAA3s21oBdtRzD2lMlrozBIcPEXHmrVKVFxgxlYRbhOl0J0l1DO2reIDXmMtJcrNLSHE4yM0gZSGpVUCvUFfawTQo/FduZJbXdf8AqnhrPXGFnU9hpVKhaWWvfKFL1tJNBprOolILMXCyN8UbM6hXKjcYNW5oKfECX/Ftsw9m2q7Oc7nmczymPSDV/h9OmA6BuWfx/WDV0K1TlaGO2mO3xuws/wBnc/PDI+O/EWiO1d5D/wAk+qy/ylI/yql6I5+WCaYzI8oj1Am8m8JY1jJyZlQyq9hVNADZfd3KzqtMEFzRa0eq0dnaKgLZ0nyTLyfmRhhRQqkBFyZovd5EBmOTMVpSSWaQ4Y+I9Ho9wxEzefl5K1SqKYwyrLRfrZviJJRR7IJO8coKR5nFRITEWYAKxOxOPolXqYnAMsNHcxBt0EJ7w8nB5b190Z1mxz07gCYgusKAAKiMgZXKFUYFcUFsxEfj6UoPgAyyBz4++aY2N5INNwnI/wB8lcL1FLE8rSElneIRL7zIrkoxiTABQjHt5KXBpQwDetKjwwSxudydPcz1omXVzRLhEmRx68vuP1NoDEx1b4I7pSgsbiW1BFFBUhBVTvX8XiwpSL3zi1661S1YVGHtXCC4eIHXV0v8g06TRQ6j7sSI80YjCxpIEXwtVY/+xHXMuS3bO1AA2SscBwgQeceasGNwtOLMrUunuRlJXkXULLFKABGxZmCRqQoRizZMNw0jOwbYVwsBYNJ+6bpUezdIfnpyUHOdWk8iwk2jbEAbLIu6Fj472pUqGAIsb70E1Q097Lf6KjqzXODDkfRRz/TUliRPGoJNL9uPEXst5j09PQf0OD26KsdkZOfssA5H9fou6RLpmrANppFjVGnhK0zmKbC0dlYq8fiyg0G9Dv8A5EEdx19eaVZVpk3EHeNQVp/JusIJe3INMzxub7pXTkLsVJIL5EgEqfEkHb88Z/5QgkOPgjNpUyZI9lJzLqNRIoSHTFR/jYrVUSVNiipG5oehv5NcXNFjWlzpVnMpN72Ec1ZLqkdTOghMtos3ZVSQ932m2Lggmir/AB6j0vIqYgJBIE2k6KJaKfaUrSdPn91bdGdHGF2mlZJdQyhI6X/DEWaQxBiTZykY5UtA0P3EnLsUWTey7KWfqVLuPoiusOVrNCyOquoAYBvTIe1rG9bm69Qd9uE6tWqwy0wq7UHEXNgsRm0vdeHSo4jRA9sisxSFS2bUwYeWICvvk/8AtsrFaRTmo/XfvO76btywWhpton7o+Rs4hCsv20JRfJQ53V8wJWkFzMSruT3Cm91kCt5BJdr5faOtFo0u84OptMDrr1Vz1zNFE1tAWkkP+UOyghcGLVET+oPaCQhNUSFs8VeIFuurpjaKbGmS25166slk9Sg756jff3v/ANcJxU3DrxWf3Tv81lS8tMiJM8cRhjUjTwzKAHA8kbIuqu3kQhxjFElmk8Su52sOwsJnUjrzF1GAzIy4q06J5cTE/ai+3CKXmVQ5jnYrTGBs2WP0DBDntt4nhw1yHAPdM2G8c8p5pyj3myBz+30R+nlokHxI2DbbH0sFgQGHwTexNfgFcA8bwiwCtS6R6dwZJQ3bHbOUSKmMkrUTO5rIvtVgre12Ao485ixOLdxsdY3ZxCts1EF+IGw0RvX3WA02nZ/MuzCOIKLJdgSNvi6IB/2I9NyDNaXJra6vZ087mwSXy/qw4zJIZG1DYrGCCQrZsT4FQrMMQVJV1vcVuTR9K2KBlrw3rIBcQcdycp6hdeS8wdEkRGrvMaIYNTFsXPj6P6pTBR63YBoDziAL25ddQlxLQQNVouj5o0YEdI64AAAYjubj3nIHI/JCgfk7UMVSw4Wiy0fzDqMNtEZfdKHU/S7NExcTtGuYASi3kfymMtqSMQm5asQzY8Q2vcBsTn1zSRkgieSXIOn6UD7bWPQAyyU50Kyu/wB3rwwapnNirCyDqznxMyxBguh/Shll7uPYEYU5qo7YjzKskbGSWN6DUEoy7NNgw4v5rmIznz8bA+OVQ4xbJUnRfQc6a95E+5h0pJZcpyyzDFgrB4zTJkQQWUNQAAq2RipWY+leCeVx53lVFGpNrD3Wp855wzOsfZYOgjE8zPSyKB5sAockgGlBxJN+gFhak8UgS42JsBp7J8PwAAjh90+dF9QBFKO4XEsUJOwUbkZUFAFHb4B9PjjM2oNe/FTGlz1vRqb2za3HJLvXz/etG0YEi4ukWL4lnIyHlRHbiK9wsCd1AAa2XgVKo5hIqcDvt1ZZ20OdXeD5IzR81xIgVY3lWMF3KH31g7hgF8SWJb27lVNeomo17ml7zbd8kVxcWpj6Z5cO4Ex8kEeCqQaAwyLMlFE3P/zYOxaqzH1XASTnPQGpy/tmBggJui17nEFolUzUbty65BCij5DnayGNE0NlJo1rc23IGkW1vr7IgERdU6E+SCPFhIENxBAcaaQx4uzN28rQgRvmHyAJvgofbFOkzMk5Z2i+uYyhdEKRtW53Bjo7jMaxTR3GSigG/IAFHjmvAEAnwLY8Lqb6LzhqOvNPDDIskYiiV1Hbkm75mVVijilFtLjEh8ShAYRqpKqFseop0ajj3TJjdGpJGl+PupbDM8vNXHJPqNHPk8ciUELHEN7EJDE2oOAwvIELZB3FEy6i5mY9UXtMVwhtZ1UwhR1ykEgAOKNTCgXALGiwo2bJA3rY0I0sTr291XFZVfWfKNTNHlGkxgHbDkNFHftzZizgvGCTuuQzIrZSyjp1KTHYHQHeP0z56Ibw51go+V8tnV48pmhiXUC9OjkExEkgti1KJDGjBSzBImFlTig6o+mRZsmM+PDlJ8eCGWVAQ0+SeI+TVq+2rm5O0oyJGEa+Ukkf+tZZAbgso23IbP7cvpzFr+J0nrVcxhLsO9aXyHpIaOPJpJ9RK+VO9uSzhiAqpYUHHHcrTWWIayMp9ftXEQBGmQtGp5z1dhzBTEaqq1nP2aeKJhEGmhd5v0BtGg8InhZm7ojIbMRNMO54tiChduhSwteRJwkAAnM87RpEgW9BNzgnr7KbliI0aMiKYSyfb3pTGV0wxUxKv6bKWepC6oys1YeLR8KsfUuCYdfEMQILrkHXIWAxA3upbAHdCp9X1imbU0SLk2KtycsUFmlZ2GTMvoWbcnc78MNpOgSHE7w+AeIAsJ4W3Lu26grI/tYs+2EzSPuObQEYMitFmWxW1LX7wYyASoA33HOeBLjBNs7zrv8AZRiaTCV+oNI0uqSLT4RSSdsSIJFHfKlwWHbOCIFkYeKAGgzFjXbcp1GtpE1btGu7hOczx5ZKDBPct15J1695C0nLJdEkXnuVtmkZSGYO4Oaq6r/46lpVGIW1ceJQ2au1lYVXG2W4aRx45eIUOaSIRf0w1sn2kemedJpgkZpQhWBTSBGAGZpmZWBVhardAyKrtbs8T6xZA1OpPDwjKPmm2OhsT111uZYek47apkGsk05sM5BeNQELQGNlwKSOS2NqjOgyuuMfti9xJb3Ji3H/AFDkBncwbIDh5o7ojk/2qqqltVrFaOOWVA9zo02LCQkSCMQiRsYu8qsbYkDMge1fqwSMLSCQ06RuymYzi2W5UpDCtA6j1Xli0wRHzK5egVVMsvl42pjDOWAPbTO/FTxl0yA0ua24i2Z0Azy7xgCbmIuUQ5wFFrypnZzk0iGEIscISmxMuPdai6nC88xEtAYhtnBTLm0obkZ7xPh+28crnjGXAhUvO+Rq0yyNLDCW7dszEN3GYJBDGTic0yLqqUWxAIA7hkf2euA1zILhfLdqeXO2d8okgXkriB9UqqpkhYqApJikFkCiSO96mr4UPZEyMQG7EPohYHb15h+mr3pkc2XKPbHcnbe2O/7V+fgfgcez2m1XCMtyozIc0zcrlLanW2S1Qsy2bphJpAGF+jASOLG9M35NgqNDaIgR3vk76DyCJr4/RHmYstklj2da9k35pNqY0ez+5FJRT6qhIFCxxQgANje0eBifNDcb+SY/pdolWKOlVe45WWlA7iiwqvXuUBQAGsAAfxwltb3EPk5CRwO8biiN/b5/JPunfw0h3swMx/lhPHix/kZGj6iz+TxnMP8AF/3D/qqn93gPkrXpuYl5TZLdkb3vWGmar/tmb+yT8nhfbWgU2NAtiFtP5lYXgcfouefSk62BCSYzq3DITsR/xDNRX0Ivyqvdv68BADWuIsYz/wCVR/mHn8kTpz4ufk9/I/krqWVLPziCQPwNhws8wGeHqBPnqmCBLetVX9ZxAiUkAldQ4Qke0dtNlPwP4FcPfDCcMaGnJ4mdVQWxJm5fADGhIBJRSSQNziN+EK1qjgN591y//9k=",Patalpani Water Falls,4.3,(7.7K),Tourist attraction,Free,Indore
https://lh5.googleusercontent.com/p/AF1QipMbGvPcuk9QDxRmVds9KAxvZiD0YkSTa_2WiFHO=w148-h148-n-k-no,Cloud end,4.5,(3.6K),Tourist attraction,Free,Mussoorie
https://lh5.googleusercontent.com/p/AF1QipNNiaVvOzVBVT3bkTpPyN6Ptkrzi6INUIkL8TNU=w148-h148-n-k-no,Lal Tibba Scenic Point,4.1,(17K),Scenic point,Free,Mussoorie
https://lh5.googleusercontent.com/p/AF1QipOER5hS2-RZyhR68XLVYPiOA9xZavWJ03ftZAHP=w148-h148-n-k-no,George Everest House,4.5,(9.1K),Observatory,Free,Mussoorie
https://lh5.googleusercontent.com/p/AF1QipMEiLlgNQYvGRsE4PYRVifCSTRKY-qh8_Uv4TKi=w148-h148-n-k-no,Company Garden,4.2,(5.9K),Park and Garden,Free,Mussoorie
https://lh5.googleusercontent.com/p/AF1QipPOO42nJYqTmk4iKHvzYlCQRcebivxU_P8QeMsh=w148-h148-n-k-no,Bhatta falls,4.3,(7.6K),Tourist attraction,Free,Mussoorie
https://lh5.googleusercontent.com/p/AF1QipMIk3xut-k3HnwuACPtVQfmx1WyBYXWbraaHDAv=w148-h148-n-k-no,Camels Back Road,No rating available,,Route,Free,Mussoorie
https://lh5.googleusercontent.com/p/AF1QipNT2apMoQ60j7w2l7iubee0Vtui4jZbaDoQmDb2=w148-h148-n-k-no,Mall Road,4.4,(1K),Notable street,Free,Mussoorie
https://lh5.googleusercontent.com/p/AF1QipNlJRYNr3I4_4Vh15LLGhd2ThUWMZFrF4Y9zOlH=w148-h148-n-k-no,Gun Hill,4,(11K),Tourist attraction,Free,Mussoorie
https://lh5.googleusercontent.com/p/AF1QipOVd6yiVl10s_zNJQvfGHgPtkmoA7iZGc78Whda=w148-h148-n-k-no,Landour,No rating available,,Neighborhood,Free,Mussoorie
https://lh5.googleusercontent.com/p/AF1QipNbMKOfbP2clpDcDw5ehABPQCpa8QZHC32sSkUq=w148-h148-n-k-no,Benog Wildlife Sanctuary,4.3,,Wildlife park,Free,Mussoorie
https://lh5.googleusercontent.com/p/AF1QipMIVXEKYeN8RK0JTVjrX9Ws7-CsjBcssvgs3TBe=w148-h148-n-k-no,Kellogg Memorial Church,4.5,,Church,Free,Mussoorie
https://lh5.googleusercontent.com/p/AF1QipOnyLgeE6Y5VgtkCo17UjQRekRpy3nx-k5XnqeF=w148-h148-n-k-no,Christ Church,4.3,,Church,Free,Mussoorie
https://lh5.googleusercontent.com/p/AF1QipPZeKVjXzFVMLGpKKajLtWVYxhZ9Mtr1IQ2SQQ8=w148-h148-n-k-no,Tibetan Buddhist Temple,4.6,(2.2K),Buddhist temple,Free,Mussoorie
https://lh5.googleusercontent.com/p/AF1QipNUrHUIqwQvtXEvF2bQPssiJB1PcJpDAjTeNFXO=w148-h148-n-k-no,Happy Valley,No rating available,,Neighborhood,Free,Mussoorie
https://lh5.googleusercontent.com/p/AF1QipPsJz7BQc0lDpiEjh8AvX5JUXczznXLU97CufQ4=w148-h148-n-k-no,Chardukan Mussoorie,4.3,(6.5K),Fast food restaurant,Free,Mussoorie
https://lh5.googleusercontent.com/p/AF1QipPkBIEBHOKNbG-NLgsMJXP7ambatJmGAuP8PsK4=w148-h148-n-k-no,Dalai Hills,4.7,,Place of worship,Free,Mussoorie
https://lh5.googleusercontent.com/p/AF1QipM4jgfyPCSyips-J6OzKM80fWI57bnG5oTpZYMp=w148-h148-n-k-no,Mussoorie Heritage Centre,4.4,,Museum,Free,Mussoorie
https://lh5.googleusercontent.com/p/AF1QipOFu1vmY1snZrlf7TB9d4uzXkGsB8DDf3BoGeiy=w148-h148-n-k-no,Lambi Dehar Mines,4.3,,Haunted house,Free,Mussoorie
https://lh5.googleusercontent.com/p/AF1QipN6Rw0mcJF9nRv1CjLP--RZZwznikoZK1L4R_79=w148-h148-n-k-no,Mossy Falls,3.9,,Tourist attraction,Free,Mussoorie
https://lh5.googleusercontent.com/p/AF1QipNVezZM-MYCaMFxsZGJ2a6XWsGImd_MPMrD35ci=w148-h148-n-k-no,Library Bazar,No rating available,,Neighborhood,Free,Mussoorie
https://lh6.googleusercontent.com/proxy/rtDaFsEQvpgRuEmQeJUxun3gcy6IaKr2AbwCoQKqOZShX4Xo1z-IuLa51Gs9ChZXK_culIwNvGBxxsvrlokyp3ZqO2Rd3XyEcLpjf9qj_L-_Vn5LNxtaVKLmr9tgwI-Y6ZCABsCsbjr0ClcPVP7Sf_VuNSLp6M0=w148-h148-n-k-no,Shri Mahakaleshwar Jyotirlinga Temple,4.8,(1.5L),Hindu temple,Free,Ujjain
https://lh5.googleusercontent.com/p/AF1QipN1p0gKFDH8jX5mQOI9q3-W6Zma02jpauzUxLrD=w148-h148-n-k-no,Shree Harsiddhi Mata Shaktipeeth Temple,4.8,(8.7K),Hindu temple,Free,Ujjain
https://lh5.googleusercontent.com/p/AF1QipNG6KTAvnr2mdVKduRy-XYqoM0W0yTgb2DodJeL=w148-h148-n-k-no,"Shri Kaal Bhairav Temple, Ujjain",4.7,(70K),Hindu temple,Free,Ujjain
https://lh5.googleusercontent.com/p/AF1QipMbuZP_SlnhVUO8mBtYrO36trC9CSwSy39XJKRa=w148-h148-n-k-no,"ISKCON Temple, Ujjain",4.7,(6.8K),Hindu temple,Free,Ujjain
https://lh5.googleusercontent.com/p/AF1QipOLJQzcvsZJzjpKyPmwGFrLpkHEU67x7GT58aA=w148-h148-n-k-no,Jai Maa Gadhkalika Mata Mandir Ujjain,4.7,(5.5K),Hindu temple,Free,Ujjain
https://lh5.googleusercontent.com/p/AF1QipOzMfcHnqhXKcxBLwUmor3XiPK3nibhE5ZewLzs=w148-h148-n-k-no,Maharishi Sandipani Ashram,4.7,(3.9K),Hindu temple,,Ujjain
https://lh5.googleusercontent.com/p/AF1QipO7sRzeN3hX596JdZHqUBLxcUVixXHzGcnHvB1g=w148-h148-n-k-no,"Shree Chintaman Ganesh Temple, Ujjain",4.7,(13K),Hindu temple,Free,Ujjain
https://lh5.googleusercontent.com/p/AF1QipPaazWmbHXlq8q5Cm8ssUCTd-sEjqwBMqpNXRFs=w148-h148-n-k-no,Mahakal Lok,4.8,(7.3K),Hindu temple,,Ujjain
https://lh5.googleusercontent.com/p/AF1QipOFWp4_trk25bOEc6AECMtCVee8IxuDbkfG06sD=w148-h148-n-k-no,Bhartrihari caves,4.5,(4.2K),Historical place,Free,Ujjain
https://lh5.googleusercontent.com/p/AF1QipMXqwZ9C_VBMfTge5Jahr2fUEfCkSKVI8TbjK1E=w148-h148-n-k-no,Shri Dwarkadhish Gopal Mandir Ujjain,4.7,(4.1K),Hindu temple,,Ujjain
https://lh5.googleusercontent.com/p/AF1QipOEtw_5boX9mbPOfJK18bbYnUSAbllkW-LomfYf=w148-h148-n-k-no,Ram Ghat Marg,No rating available,,Route,,Ujjain
https://lh5.googleusercontent.com/p/AF1QipOjBTrhyy9Kkp8lC4GTqMizTZcBjnjAQtLW7WRx=w148-h148-n-k-no,"Jantar Mantar, Ujjain",4.3,(4.2K),Observatory,,Ujjain
"data:image/jpeg;base64,/9j/4AAQSkZJRgABAQAAAQABAAD/4QAqRXhpZgAASUkqAAgAAAABADEBAgAHAAAAGgAAAAAAAABHb29nbGUAAP/bAIQAAwICAwgJCgsIAw4ICw8KDgoICg0ICggOCgkNCgoNCggNCAoNCwsKCggNEAoPCwgKCwkKCgoIDg8NCwoPCAoLCAEDBAQGBQYKBgYKEA0LDhIQEA4SEg8QEg8QERAPDw0QDxEQDxAQEBAQDw0QDxINEBAPDw0PEA8PDxAQDw4QEA0P/8AAEQgASgBKAwERAAIRAQMRAf/EABwAAAEEAwEAAAAAAAAAAAAAAAYBAwQFAgcIAP/EAD4QAAIBAwIEAwYDBQUJAAAAAAECAwQREgUhAAYTMQciQQgUMlFh8CNxgVORocHxFUJSwuEXMzRUYnKSsdL/xAAcAQABBAMBAAAAAAAAAAAAAAAEAQIDBQAGBwj/xAA7EQABAgQEAwYFAgILAAAAAAABAhEAAyExBBJBUQVhcROBkaGx8AYiMsHRFEIVFlJicpKTorLS4eLx/9oADAMBAAIRAxEAPwDvXmurYgfhZi3bYG9tjf8An8uNiw6K3aKGcqlnjS/MMc2Ryjtvcdv/AGP042vD5ctDGsz3esV39jloyx23sPTf7/LvxN2jLCYh7N05ooJaf6cGgwGYYanHy4c8NiJJR/Th4MMaGGpjw4GGkQ00J4kEMhFTh0NEO9PhsOgc07xr8SEC9WjcDIlFCIfOQMmOdWfK92CmTv8A3VvI1/PP6qYkgpmGhJvv1FfSPRZwklYIXLSHAFtuhp1uaQ7U+PusmTH+xp2cFlQGBd2xJN2Esu99rNla1xcEjgiVxPFSwGmUD7G+9K8toHm8MwcwqBlBy1nFtq0ex3iP/tY5hF1l5clRywjhVoZzkSlxukEgy+LuTaw2O+ZSOOYxDATAQARYeJ1JFGPi7lxFcDwMzMTKYlQN1N/ZFGCTVx4MwaPqXi1qcOTVGiSQoLBmMFUANhY70wNz3JFxa42IBE/8xY0gpSoOQwoHcfuvc+FqRGfhrAAhSklgpz8xYg/ttYePOMIPH7lwhiWc4qWktT1FkAJG7GJVGQFxkfzx3An/AJmx1WCa5WpZri/7tdRVuQqfhfh+pVQKet3LA2/bpoaO+smPxn0NgCs3dQyKQsbSX7YLI6ZAj1Hc9r2sZU/FOMCnKEkZiTf6bZX5Xe/JqREr4SwWWi1AlIao+p3zNq4o1m51iO3jZoBJvCyC4W5amtncDE2nOJ33ysFtuw4lT8VYsAZkIJYvcOdDaw1Gu4iJXwlg1E5VLAdLfSWGovc6HTY1edpHipypUOI49TUyF8FTqwFixHw4pKxuO9rdj9OLnhvxPMn4hMqdLYKAAyuTm1PQ3/qgXN4qOJ/CsuRh1TpMxykqKszAZdBR/mH+YmwpBd7n9OOhZo5vljP3bhHjGiufX9V69jpqNGLeczEFwgyuYumV2bK12O69/OAPNThnj0+UkqZqdYBPELn+nojVVU3NjUSpII4YY6aCpaed0uEjV1ADtGFJYlVVUyZl3bh6UlbZREaimX9e/ONDaj7WnO1RMnuxlfEiSENDAJeqO74QI2yjI2Vmte5IAI4nThXLCp5Vgc4gCtAOZb1pFlX+174kspSWZlUnYlCpC7kEFtrne/oRex24iMoIqokdX+8SBfaOAkd3/kJD7b/PaIyGsjbIEkNCh8x2YggrcFRcswY5+gABDcgNQqJeyW1ZZ8/xCcpe089Q8SVtVT02DJ0ZZKed0JG13mjduko2LswRBkTmBliv6YXQ5eE/UEUmBm+3dSOoKXl3WOmDVxxschgYc8WVcSGPUYgs5vcggFQN24AmJAtFlLVXwi00uj3B92C2vkx9NjvfK2w2B9B6bcXvw+38Qkk7nySTFD8RE/w6e1XDeKgIuxRfTjvQWCHEeechBYw0YJfShY/I3Tf6/F68CmfMeiCR1EECSjVXkYGhXSMQQFJxYWD5XyJN7Yg7bX3Pb9ePOzsI9MZXVQxyp448q65qmuJRwzXaSdFhU2Cq70kPUlJJB/CRMiCb4qwQEvZrjByysJQm5inx6wh1qsmp98yw2rHffh74DclaVGqUWiLGVTGWcoDNObbu81smLG5xDBFvZVVVAHQsLLRhktLAfdg/ebxy7GT5mKU81RYaOWHQW777xnqtLRi5KBV9MsdhYi1zt2LbfIn5ni8M5MtGeYQALk0HnGumWVryoevj7eBOPW+XXlWJqmLqt8C+X8QhVJwvu1sR5fitHe1kuAcFxbD4khGYZ+jAlnOV6kUp+5g7NWLDH8Ln4V1gK7OrVBIDlgpqO12+WtDcQAeNXsz8vajDNJFpgiq8C0cqEx9WQDyxyKPK4ksF6hUugNw3cMziXDJOKQpaUgTGobOWoDuNNxpE/C+Lz8KtMtaiZT1Bqw1I1DO7Ox1ik8DOa6xNJpo61AvSd6WC0b36MOCBWJLXeOxRsSovGdh2HHsXRbGh166+cdtwIK0Omo5baeUG+p1tJLTuvuPVUoRvG7hr3PYWYHtiwIwNm/u8QyZgQsFgb0NqhuXdzgmfKKkFLkWtehB598C1XVasgleWRoYcS0gAmiEUapuyiNVYFbFiAwyta63vxa4LiK5RErMrKflYLUGc3ABuLhmeo1eNf4twqXOlLmqCQofM+UEnKLEnQinLuaNNv7QtYhxGoKAPKASCQBtYnqi5HqbC59BwWOIY1vlNNKGNF/RyDcQaezl4ScpUjFn0F6XUVi6chNW0yyQMqtI4QlhF5uldD2JOBKtwLiMThp2HyywQoEPdj9Qeo6Rs/CMROm4kkl0hJam5S3O0UCTTR8wvUx1Sfg1TAK5b+7SmMOcFZscibkKSLXAY2UswuIElSCSzVdnFiLCvhWL7GyFYiVMSA5Ojsbg6006Rs/Vfak8QHJA5VMajZlSMTSPe4WWJpJI4jHHsWuHbzrdRuhtFcYmEOlaR9/F/SNYl8DdQStCm9PD8wNV/i9NVgdXS5kxcsizTU83ZjcGFVkUhgAVL/Cw7AgkUeKxi52UTVZ2qHsPH3aLwcLlpSpKE9m7WZyxcb/mphda9okNTssuidUghgKOnhp3IBvkGVonC7gsmaXO3muQFE7NRkpO/zOPMiIpGGmIqorWGNinK3RgXbZw8N0ftacwvgaXkepYE2YVMcMSDzxAze+LUfhRwqX8hgl6jW88QjYtsEvjU+S5mTgR476NFJieByFozy5RSzvptW/hcxO03xX0mCOKKWmQAyyI5FTFcNM7O7Kh83kYhQRuzeYHHzDVFTVzpxmFNDWh37tdOkTp4wJaEykJ+UBnq9NgQNhdr8o5+rOTqGWOJaLxQrGJkwJqKlHjZcVY7KVdGGUZObALZlI+IpYT8VJTRElT3Jo1yAwG7d3N6ASeLTwQJtQ1gTU8yp/bNSOkPCHQFXl+ZX1I1DvBVAu0nUYkrIqBWckqMcCii4AfbuOAFEGYFijN+Y3gHtsMR/SSfMNHEU3iPo5JyrmvfzXrRGb+t4/dzgfmlzidrm3F4JayHDN0/7RoPWN28jau2hVU1RPrCVYkSOCnCTsxj7GUkMmIVdlHSyy8rSJB1kDVClpnAIljKb1bu9+ZgjAYoYZ1ZcyiGGwqa3ci1taaOMtO1Olmr3qKbXFJkqpWifA3RXF7lWVlxHmQWDfOytdY2qJZinSsbjhcZ2xokjV9L2fpXx6xe67rayzAJrnTPvESMwviitIv4QVY1yZwvmT4WJ7pc8LJkhRYkAAKNeWlHrtaDp81SE0BJdIp372G8XHNnN0kzSIaQiKOUpFL7uIUmsFxCNkzubMqk2GRBtYbcALlkLGU6W29+xAiphVOAUfdICNG5groHkx0VJWwd3EkQluiq3YFrNchQAAS1xuAeC1I5tEcr5B8nfbY/iCRNYq41pJRQiJC03UESIcoisT2eFS74oWkCtYKIoxvYKXaZKylzY/kj7RZLmIK8niG5JvprAH4keHXJNMI5ijIZsZZWMjshFqd88DsHjBcqt0XBnXay9OWTNmqdI0oN/fnFHieH4OTlUxAOjlrh/AWFr8mEOZ+UNFgoo396Ek5kACqwKxIPK0BUnITC8fUBGKgJb/ecWksXNffv3WKyVJQCC4JZ+buzHp9+kdHVNXX0OkIaeTp9O2a7PmhiiUqL3AYsbgbAEnuDbhOC47D4fEKXi5AnJIIAOhcEGtDQENzi441gMTicOJWDnmSoEOQHJDEFI2qQXvSNPxe0fzxYY6EbW2/CmXb08oay/wDaNhx0T+O8J14fK/wpZ89escxHwpxBQzDGzK1+tUbJ5k8P+V59IppUnZKhJLBM2cGVtRWDqNkrKBAwZiAFAjZmbqbluXTZGSaqZrXwZxrsKANXnGySpRXNSwuoB6XvY7Au+rMI014U84aNDVOaxxMpaXqq0CzjPqkBwC6At3Nza3UBAYjg/sc2kX3bZUgZq6+fvvjoKDxD5MEkJXQ7xLG3THuMQCyl4mWQJ1SuVgfxbhxe2+RIGKDnbkfNoLSodmSTcjfQH8xY6lzdy1OpK6IPhAW4ji8oLEDpiZrDc9l9d+I5kkXasOlTagFXl+REbURyTLbLQI2tt/xqptaxB6c4LA73DX7/AJWcJTQ0zqCtuX/ELyrqnLaR3GgwlwZFDtLDlgzMoW8kgOOARb9nWNT5u5RKTlY7n1JHrEkyYM1DoP8ASAfSJXM3LGi10lOtbSlYJVZg8Uqq1NhSzy3CYyJIAI8LA4nJSD3veT+FypGDTjJay6mcGzlybbVjT5vGZ86bMwq0BkOQdWBCRctqHPUxzV4w8tzx6jIlNK9VGGiMaYdU3eOKViMFBZEXpoi4mypscbMQZKCZTq1f8c4Iw6gheZ6vbS7u/pG+fD3maiqYWjnaxMjxFXUoCMY1YCwswAIGRx79vKeKGZKVLqmN7w2JROdz1gzpvZs5RRQs2o0/UAAlyncN1ALPkOg1mve4ybf1PfjYU4iWQHSPERqJlrBYLV/cH+6N1a74U8v1MIhqKcyIMdjK6glfhOCFU77lQuJbcg8ChDF9YaJaSc2sCtD7LPh6hudHL77AyMlh6LaIpcD63P58Edqu0J+nTeD/AEXk/RKYAQ6cqADEd2ON/huxJNtu5PYfIWgLm8TplhNhF0mI9Pr9/duGERIlINx6xnGkQOy2/j68I0PyJ2hTb/B9PXtwuWIyBoIHNX8P9AnkSSWgydCTG2bgoSjoWFmsCUd1LdyrkevBCpsxUrsCo5NtN4EGHldoZoT8xuYH5PZ88PHJz0AFrgl+rKCbAAKWVlNlAAC3KhVAAAA4yWtSAwMJMlA2EOr7NvJNtqBrb2HvEzDe19y5Py9fQX7cPKyb+giABt/EwZLyLp//ACl/zZif3k3J+p4H7JMT9qYnTxuO8ZUkXFxa4+fDiINSE6QzkL/f3+7+qNCtGIK+i3/h+nCQ5t4cKH5fd/6cLDXEKiN8v4fl+fGNGZxCjP8Aw/1/14xoZmFnjExyfsz9/pxkIFDcR5aef9if/H/ThwiMqFnh+GKdTtEeMjCUGh9YnCpm/Y8K5iLLL3MCvh7o9AI2lFColdyJZcFzcDEKGktkwUbAMTYDidcCg0grpVHy9P5b/v4jhTHsjtv6/wCU8LCGFU7/AH/1cNMLGJJx7+v+YcZGQj+v5/8AzwhhIlTAWO3p/I/f6cYYcIRvv+PCQ4R6Bjbv97cYIWHl4WGx/9k=",Mangalnath Mandir,4.7,(7.6K),Hindu temple,Free,Ujjain
"data:image/jpeg;base64,/9j/4AAQSkZJRgABAQAAAQABAAD/4QAqRXhpZgAASUkqAAgAAAABADEBAgAHAAAAGgAAAAAAAABHb29nbGUAAP/bAIQAAwICAw0CDQ0IDQ8ICQgICAoICAoICAsKCggICAkJCAsKCg4ICAkICAoICQgLDwgQCggKCgkIDQsNCggOCggQCgEDBAQGBQYKBgYKDw4LDRAQEA8QDxAQDhUQDhIQEBAQEBAPDw8PDxEPEBAPDQ0QEA8ODxENEA8QEA8QDg4QEBAS/8AAEQgASgBKAwERAAIRAQMRAf/EABwAAAEEAwEAAAAAAAAAAAAAAAcBAgYIAwQFAP/EADAQAAICAQIFAwQCAQQDAAAAAAECAwQRABIFBgcTIRQiMQgjMkEVUWEJgbHwJHGR/8QAGwEAAQUBAQAAAAAAAAAAAAAABAECAwUGAAf/xAA7EQABAwIEAwUGAwYHAAAAAAABAgMRACEEEjFBBVFhEyJxkfAyQoGhscEGFLIjUmLR4fEVMzRjcqLS/9oADAMBAAIRAxEAPwC5hQ63def1jZDp4VTYpvb07NSZaclds6QqpQms/oH/AHqPtBtUnZHemGqunZjSZKZ2dLmpmWoz1O57ip8iSWCFYx9pIldyiNPZnjr11dwkhjjM8sYaQI5RMttONRLVCSTFudqIYbK1hI3qQcLs3DwpDKAJCoLhSSuf7UkKdrDDAEAgHB8g6REwJ13rnIzHLMbTW3ubT6ZJra7Y1HNS5aTsjXZqbkppg06aTJTe2ddNJlilKt/xrrUtN26WupVHnXGuoQc13qvEOZ1pqqy00InulsEPFDYaOEgA71MlyCVYX9gPppbCvmGv3KRThxTxaQqEtkZo3UDOXwHveXOr5DYwbIeUJWsHKP3QR7Xjy5TzqV869VuEw2TFHia3jCwAgAMQrKrt4VHZGDLD5kdfKoQRpMfxRvCCDdXL7k7ClwHCnMV3tEc/sB6FYK/XLkv047kojfA3pskO18e5c7PO1sjP7xqVHFMMpIJcAMaTp0qFzheISogIJAJvz60Rymjs1V0UhQ4100kUmw6dNdBpO2dLIroNeMZ100kU0xnXZq6KRVG7SzTcoqin05dQzwnr1b4VxB55u488tUvG87+mroZKPZYB57CNQDAxjulJIwiRpsm3Zlp/8m8tDgCWySc15zGLnoefPXWtU8wMYw2pskuAARpa8gdQdOlRDgdbmux1LrW6EELSX7t5LMck6PaV+IQGRpN+Y1FatCmA6M5QRjZBaEI3ZPEtrx2KU0VHPmlINhAJsR0G8G/W1aVpYweHSspGUJAMRM2uPE6jr8au7U6B8oCqA8aswVQzAKAWA9xA2nAJyceca9AawbLaEoCZgASegrEOY99airPEkmKJB0VQEUhbSxTTWO1bgWsWchFHyzEAD/c/9Oo1rS2kqWQANSbVM2hbhCUCSdhes/uxp1NvSbm0sCmyaRmbS0hJrA8j/wB6eAKZJqjv+pz00jPKtbiUWY56Evp5p4tyydixlq7F1w4EVkbV9ygerbGSV1U8SYC289rajmOX32q34Y/kWUEG+kGIPP7Wof8ARviPNY6RQ2UWO6qbI4K9RDFJYjFmukzWbLZIuxtalxGFbakYBLeNeZYjEJ7UgqUkyZKr5TcCIvlMAi9gQdK9CZCuzmAq1gLSOs2nXyq4XInN/M0vI9eWJZDHPUryxloRIxSWFHQtIWVpW2kZkKqXPuIGdekYZeNUygqyyUjY8vGsLiW8Eh5aSFCFEagb8oowLYjI8EHBIOCD5Hgg/wCQf1+tWqVpVdJna3PeqhaFJsQRv8K9v86kqKKBn1Y8cdeWYeyxkngteo9DGy77MfpbMADqftiBJJllLPhA0IZVldUVst+IHUjD5CtIJIMGZInYC+t/ga0/AmlF4rAMAESNj8fL4jaiF0JVV6N00MosvXo1YZplLHdLFBGrk7veGJ84IBwQceRq4wS0rYQUxEAWMgEbT000FVWMQpL688zJN7b6/GpmLa7zn4z4IyfGPJbx7cEMD+vjzk4BQXvt6/r/AHoPKaZHehLnHnacZ/RwPdj/ANHwfjz405C82lIpMa015F7uP8Z/21Nm2qEjegn9Y3EeDD6dbUdhO+bsYrVYN8atJbkO+AoXZV3wGM2cZ/GsTg40NinWm2lKePd++w0O+8GNdKKwbTjjqUta+p5fUTVXuj92Op0bl4dKXFmvZkkgUV7I9RTvIkqy1pVrujT7W2NA3bKSwYZgok2ePYgl9SXin2om47qhY9YjQ+8D4V6ewnsgWxtMW1BuI9WNHbgHVW/HwKONi6tDDHGyhAoBjQKQFLhlAI/EgEfBA1rcJxzDssNtSrupAsBFgBa+nKs6/wAFfddU5lTck3J3M3tXE+lXnyGrxD0NyQPLbljkqzAy9hj6KFFgjcp6YSFK5cRCUzS7xNtnEjPqX8PYo9n2WWEzAPIgCQfrPwtYUnG8NK+0zSqL+E2P2+fOrW5862BcgSaygRJiql9dLnFF6xL62BvSTzbK0iWpS7ww0HksyrBCxYKZxUhG5qzpYQTDup5h88/ELDhcLuZNwAkWmBE67CVknqABMVuOCuoDYbSkyJKjeJvHxskDwJqV/S1yPxmKhC1MqKdyB5eJ15g4uDjgMXqJA/dngaGcrMCgddi7CjzAoE0GEebbZDrayUHKDrqmxgEWzRB0ECRczVVi0LddLa0woEkX90mYPhM+JNE7h3H07WNwbZM6uTkFVP2yrOAiK6qclMLgsp9m1tDt49BAvMKVzFiYudJAuUwNjbKRQy8KQTbYfzsPv0I3oQ/U/wBap4sQwSLB2Y4rdmYTRrtquLcEe0ZG5vUp3MY2h4Vydp8s4pjlwhtnRRmx1i8WuJtR3DMIiVOrNwNxz3vY2mBRb5d6l0J7WyEhm7UcjAsd6rJ7hHtIDNIAQCuNyn2t5DYNwnGmn3zh0kSkAm9xNwBI71uRtvVO9gS3rrp6vbnQ2+qGWt/KcOFjuKrXrLgRyyR4EdGUM3tI3yCNn2plTh227sY1H+IHlfkyBEk7+f1jWrLgLI/NA7AevQqNc78xhOMs1ZhLVSOmC+ZGde5LCsbN9xSyL3JWLhfwhG9jk7/KmQVpgiCZ8NPlOnTWvSVEoM+fS/o0Sk5n5JCYeOuzjw7GYKWYfkSpgJUk5O0kkfGTqDME2zH18ai7xvb5UC+UeqvC4eP14b8ZsLPDUkUNXSQNFWqvbrs8JwsNqs5rGOfax3bk3w/bXWr4di1YNRcWf2dysC9wdUiwmeQEjawrOcSZQ633R3vdP2J8Pn41cXgvMCjjLGdCIUQkM6hQfb7hjcSSp8FiFiyyhZHYsAzE/i9p9ooCCJie8PIRqdNxIPKmMfh5xpzNnBjodfU1XnrbxDhc/Mkioe43/jV4QZCB76/EpZFVdpbuq0e4+3IVA434UCqf4oOIPDEpMJSlKSD+8DfpBziLSd6tMPhRg0FhRElR8iLDxgc6XlTmi9HybaMaFVltduLuKS2yvXqxySROhaLc9gToEOwqkRyB3YS9ZjuJu4TBBhpMqclRMKtfKBN+UnlFyCpMwPpSp8rJ9mw366fGuPyBzpeXjMjFjtdJDL3F8vIzbVcfkAMBi2fcWA+d0gAXBuOLbeUpx6QpPvXuOZ0kam99RYkUOvDoeggCJ25j+laPP9sCeIoxZr6XrXEJmw2yKFateJIV3Ia8UXeLpHskA2SMwcs5faYvFh9lJbMqJnkZ2GXbkJINrTJqTDspSpQV7IEfDeT616VFOgUPBIOp/wB6xHXq15bE62JmSJWZ7W/IVyI1keaRn8jbHDlQFABXGqy4rFh3UpykyAO8ICYMGIGUQoagmxE0EG1BxQJ7on489Os+Vql/1f8AVLg13oxFJNZpwX6t3vpVrcdhsq8W407QiysDSlqUk5KrWDJIpTEhLbt6VF3MgCUqGp8JTaNCRA/nU7SUtKS5MQRvtv8AK/0tQtfiFq1AssRElKPjYWSwsdhUbharLUEsxIUyxxWi5faERItjO6BJdZoNqYwhbWCF5SQLCCVTqOSAm29xrroe1DuIzIgpzRaTIy9d8xNx0rQ5h4hxz+fk9NY3wCaXsPHW3o0O89pkfsOXQptIfc+5SDubOdDpxWBQkJcdOYWPjvqJ151TvcSUhxScuhI160BuUOYB/ExTzyTz24atmKZXr2WXIISD7plijDV4yyN7ZGUP+Mo/HVYpA76EhISTa/S9hzNxcDwqmMONglSpEg2MW015A3q03Iv1K8Vtcoxx9yyrwPIA8NaMRWcxkbJch5tisc5TtMQM7VJKtj8WtWDHZhxMkaEnu3mRG9osd/jW2wjLuJalSe9PtARNiIidLgkxNttKGPNvDZK3UGsEb1EUwtKbGxgy2I6c7xkJ7I8hs4HZOApxsBIaNh1t3AulojOC2sDaM6ATeSRrMncTNVGPwjjC0JN766d4DppPhsdKsLyOeFpykRdlkRGvW2hgjq2JII47Vidu2ojqlwYo3G2TuOJCodpIs7dDY11rGLLTxkICYkERCQFAqkZhMkAJEWG17RjhhUMwFlSdxczfQ7XmddK0bHMnKC9OtrLsaLYRYFSQzyEqhl7wc13UK2MExsqBlymFfNY2+02PyhZBWIyqGVUmZiSfZzSBrNhBNAOYZOFSFKmLAi/0F+V5EUGOrnUW01kCmTDFILNeVcsQR6GV1Dko5Qd6ONfkjLlfZgE6PAoSpS3XE5CcpEQNFATYAXBVEDYnpVa+opJbRYaXJO0yZnwtvOkVN+lXMFteRq8iTLUdqkMMkGY/VArGrMF3xfcX7e4wgmVDGXO1twR7rzOFW6XUJcT3gQCUqubKBTJgEzExJkaCo1YZ9xALSy2TcmAqbSRCpFxyuBItXS+ofqBfsdAbcUUySyCrXafdThjlZIrcbTIsglCCU1zIsiCKQS7fzXONJwzijL3EMpSUoUf2ckGCAYTmtmJKpGxjNJOkl/y5GfMpKRmMZcx94wDF+mgsBew36N9ZuYq3TDgyCGP00drie8JOGMgnsSWo/tdv7McZZlyZGVljHuJJTV3xBQxBfbSDmbywTuTAPnYTz1iJorCFbPZrKYQudD4kWgRF9JsJm8DVo8pcyNSUspVmVSyg+FJAJA8fAPjXnb6kJcUkJJAJ90865XBXXCXIN7+d6LHVP6aeVq3SdnnnkeKWCNkFerWr2FkVlEaxyKrkAoVBydgijYsuN516F/iBLoJk/wDIkiNL+EyKIPDAlspsB/CAPL70Mvp96d2V5n+ykm5fUla/qwiyGYxbHdQsJdlWPaqDve1ce5cMMtjnhigEJKSqE3IGwMpGbqoKJi52q/wYdwxlxByifZURqRCjliYCSBRal6b8Uk4m2+rerhDJIE9HMFZmQhSWQTxyFXdmEQcqXjV27hySezh0YcZUpGgEzMgeFh4craRQLr3bHMVHU2g2nx19b1mpJzHDyqQkdmOODcztarR1o2LSFjlpAjsxJ8FQd+cAMfJCx2D7QdqiAbyMxM9Yn6RrRmFxamhkKlQIiwEdLign1Tt35OQJvUI8caBNjoJCFMq7VTbllnYTSqNpliUrndtUuQNw1lKcWHELCjPemNBcibRYclFJvdRFB41fbtLSsmLQCB5WsdTyqfdKOh8VvoulitPHOqMvcV4LRZ3jdQcMvEggG7a+NhIPgs2ARoW3w0tQWlQVJsQkwDtcC31mdaCODzIHeSqwuJHXUEzUm5P6D1LIVGnMahyR2IHSRmyrHb3Wk/BwisQcsJjkgY3MUhh7EZveUCD3UgkC2o3EwbcrmoFMPBmAYSDNidbxrpYGmdd+mHLVDp9LHBObNySvNG1ZzGLCQTQzCOXEZaVIjKuxWES/38rkc5wxtOIZcSY76CQqNE3zAki4sDzHU01oy05mSD3TBkkzEZdD8qrjxvn/AIRHyvwyPAi2tYiIkZo4kiWM15N0rojsY2dXXKR9x13l4vG+1b4Y6H33lSUqCYNjJkKMAZhqBO42B2a7jm1NMt7pJnaBGX+EzGx15iifNzRy+ZiVNMhiSD24TkE5HnZg+P3+9YscE4ju255n/wA1sxxvBR7aP+tGv6j7M38Nw4ZODHKSuTjd/FWhnHxnDMM/OGI/Z1eYc95XgP1CqHiPspHU/pNcqzGg6i1yBg+rh8gefM20+fnyvj/I8apQSVrB5CmJspEc6t/wmGP+LGQCRuwcD4L+dHJAy1YqN6CHVhib0CnyrcQkyp8g7VfGR8HH6/rVdiCeyV63o3Cf5yfH7UEOs3DKa8upsRV35D7UUbhub8sAbh/90LhVqDlidDRuJbQUkwNeXStD/Td4tebonfEjs4jnkWMM7NsRakW1VyTtUYGFGAMa3PGW0t4lOQASiTAiTKrnr1rHcNJUyqbwq3yo3/S3ZlbmL3ksRUkILEnBZ4Q2M5wSAAf7A1TsE/4gB/tq/UmpMX/p4/iH0NQrq3w+q/HOIdxRJtlsAblVsBINiYyDgKjMo/pWIGATq3dWoO2J2+1CNJSWbjn9DQzqcs8HHMEmIoxia7jEUfjaVRce3xiMBR/Sjb8aa84vKbnQb9P70OhtJXcDXlXWpdP+VzTUmvCSVUkmtDkkgZJ9nk6pS6ufaPnR6W0QLDyr/9k=",Vikram Kirti Mandir,4.2,,Museum,,Ujjain
"data:image/jpeg;base64,/9j/4AAQSkZJRgABAQAAAQABAAD/4QBiRXhpZgAASUkqAAgAAAACADEBAgAHAAAAJgAAAGmHBAABAAAALgAAAAAAAABHb29nbGUAAAIAAJAHAAQAAAAwMjIwhpIHAA0AAABMAAAAAAAAAAAAAAAAAAAAAAAAAAAA/9sAhAADAgIDCgIDCg0ODgsKCg4ICwoQCAsPDgsKDQoLDgoKEAkLCQoLDQsPDQsICw0NCwoKDg0KCwsKDQ4LChAOEAoKAQMEBAYFBgoGBgoPDgsNDw0QDw8SDw8PDw4PDw4PDw8NDw4PEA8NDw4PDw8ODw8ODw8NDQ0NEA0NDw4PDQ0ODRD/wAARCABKAEoDAREAAhEBAxEB/8QAHQAAAgICAwEAAAAAAAAAAAAABgcEBQMIAAEJAv/EAD0QAAIBAwIEBAQDBQUJAAAAAAECAwQREgUhAAYiMQcTQVEUIzJhCHGRFTNCUoEWF0Ni0QklRIKSobGywf/EABoBAAMBAQEBAAAAAAAAAAAAAAIDBAUBAAb/xAAwEQABAwMBBQgCAQUAAAAAAAABAAIRAyExQRJRYYHwBBMicZGhseHB0RQjMlJiwv/aAAwDAQACEQMRAD8A210P/aGeGMgXNamA7fvIQ67+xp5JSf8Apv8Abiw9leMQef7hLDwqDnT8R/hXV19M0dSFkYmz1qzLFCFsSUSpQR2YXXBPLLuBm9lBEz6Dxp+V2QcJW6l42s3OejyfErUBs4l8qWPNQxMbZEfSLYSK6xxiQJHaNWDMuLV7PUFTbk4j55cdCYE71ySEMc/6hVVNdqkkSyPPEUSBlnYvTsrL5YC7PJdVYMHBKiSfpTpUdpgbZgTib3A3b+NuOF1pk3TB5R/FnzKORKk4tNLEkqtaL5tJKoxjkykUo0LRiRwUU+X1K5BDA07TmgmZF+XQXHhzPJCLeA+rVsWp1xliQSmZ2CgGSHzHAiE7LYFIggaFGKqoqJCbXKygKReC6c4nI60SWtMyFrdTcn1EtZzEI0dJqbGzRsRiGkdGyGHQN5GJd1RlABI6eGFtrqitpZE3Nmm1zcsKlQrwVVOfKdX2HzEAjEhJLKZB5ZxmN3e1rkoWU5pYbK2k4Ft0s/GXk+qp5eVZ1Ds5iWfCoUERrHE3lmVkMYKzQwBkRRd40f5gYhDWwyJOqSBmVb1/iH4JfHVO7/U3/EKPX+UwEr+RJI7XPfgdlm49ckq25SKXAp3UW+xUmyk7X77b+529xxvl6TAUKrQGVkyGRuAM9yQcfp2N/wCHY7drDhTnSiDVW6vpFSxyDXNgCGAC2A/w9hcZKxNzkd72G/E0hGQSqmCpq0cKt1ysvRsHuezDYEX9Gv8A/OFOhdDdEc+GPP8AqMWp4JIVGIAYmwsbghybhlezAI225VcblTK4RdqIW8LuSe2mNRnT1YohkdUhVsbGSxP1oHKs9/lmeUE4llFwLcIa6DfJ90LmCbBLrk+mrTrHNayt5ME3w8cysGeN1xYOA0bxMWIe8YOwjWU+W5CovQ4Ydj2vokVXCwGIWfWedqB9M16MrHJG0apKyoLYy3QK7LiJblSMjG7nFipRQy8DVdIkcOugl0+0OaSIsgmkq5Kn9lMbzTwRNEvmynrSRXRRaonS2LSjFI3WHJQrIy5ApaXXAtzmOvRe/kOk2SrXk/SgoAC2HbIMT/UhNz7n14ft1NE3afuPXNTtO1Sjj1ZrsDAMhcbXQgkMzMqhlPYpGbC7fy34+kcSfNALLqOoro6+ZtgInlYAoFDoMg6jpD7uFBfa+YdWZSFZTiCjbIKa+umH+y0FSMlmUPhdQwR4z8wWvfFnjcXY7tbdcurP1hVHEpLHVEh8S6RVwlWokbGwZgnzfJCpla5DwjIKxNz9Xo3ag2m+S5SdDo3ospuVQ+taqHzLSFQ2+IJYjdi4IsC2xt0hm6j9Jl2jAAhdrgiS3Kevg9zNSjUqxZKeSoMqtZYSgmd0jOLhmVXF0ybFd2sgwdgqgGUjMPv17BZ/fPBuSUJSUOtftvXxg5Eb93ToCyRhly89rKSQel1xcKCC+1g7mD4Tj8qYsfiVRwV9VO85X/GCwv5zKGYFi0oxsgsojzuSBGSPlj1AkTEyYTqLTtSpEhgOs0bBOppmVDjiTYC+BxGyGS6m7CHIlduBaN6oIDiRH45oip+VaMU8QMkRIABJmcEkCxJCSBRc+igKPQW4Tsjh6faLuhw9T+1qvUxaiuipixVe7LOQRbfG7tEkbXBNzLHGFtGoBtk31e0JXLow5NnrZJqB3KuRirqGUo8TMI1IEQa7owiS8boAGhYjKNmknqOGiaxqYniJqVV/cc8ySFijGdGUAGMGtuqOt9xHGVDLYZhTkFvfiQGX9bk8iGdb0sNKjT+8/QGC2DPROqt1KvxEwqn+oWurVTqjWuoHfuePPd4SPP4S6Y8TTxHynhqsZj1qsCozsQCAWBLAncAuSPvuRYiwYAWGZJ2bEKvtPhJ/K5ytU1okrlQdbdRUklrIQRi103xl6wmWQU7C629tEiPpYjqxNjdVevc51V+YZEH7yNUVTc4KflplGoVWVAYwpO4EYkbsXAZIE9BcaeSB9GrMKimZvluRclGYtcnys/Q3tmSWJDqWuWsCGm6a0glEulc208FHXOOs7KglJI8xlO8fVirXVf4e2N2JAChBCc12znCFUggKAl2yO7YzgC572F9hfsPTjsjgj71m4JI6ZNTfEBw5MmzL5LpkdiXDBmzBuR1BHBGd0b03tuVzZTV8MqmX4vS8UQI4JbuLruLkxNHHkbr1tHiNgAO4lc+XEKhrPCCmHqtTAeS9RpFJQlZURmQlCzyvMpsbFuvEWK7pcBHICsNpkL02IKotF0ihTnfTGmPYwYiMYhTDjjYG7NsgGAUEbb36eEVSYtzSiHNgjRMvmLm3S465mKs8hUA7i19yLpa4+prb3GJ6e2WSBtYOOvL2Ciq1alY5x15IUqdfdJqmRbhs3sVupkGAUbgll7Ha99yNu7UMaZulCcSo/L+u0ra/pwWyElrhreY5jcYopYEX6GHUN18wHIbcG5xbdVFoiAr/AEPk6adat7gK1hdhcYKShxD7k+Y/VkxZWRr3yJ4Gm6ZHW/rkmU2koU8Qoa+DW6ZNjHCl4x0gbG9yLfVjHsWfe+OPbJp3o3NcEG/tqlG22231p6f04FK8W5eh/wCIPwM0uTwa5uZwjiGConQKmJDwIZ4yGQqdnjH2b6WVgSC5rKrTMj0W451NwiD6rzf0bmNJNX0uO5DllTKMAxq4ju3xDZLc3bvAFbc2mUkpxYGqAu0RbSt/uKrYrTF0E5iCwAx9JYx55ODuSMjf6mJu2/AOErk2iVJg5x04aBKzLBNOtyyUjK12UnEs5SPHGz2QBjYNZmZceJ+7JMt9xp0MqYE6e6hitmNBBIwiCkHMYkkXW7EAMD9W9vMBK+31DvdtbgJuyIRAEA0+NbhifKOy/TsbjrJNrFTftsLC+6qA4qcNkyBCjTUlOtBXO4UlDH5QItZ8ugqR1XRwCpFt7nYDbrQReVRSbEqz8MGqFWqU9bDAQvkS5CFVkQ7e0sR+rFtyEUrkWuaMogdVzmaSKXW6sljkJG7i3SFIK3DMLhpDstgABcdWXAB2bIO9GFTQ+BdRJCjhtnAYWiYjq32Pr378UimSJS/5IGi388daivXwT52LzLZ6atRVwRfMyhYWW4yue3Qb2tYE7cS/1BBc5buyxwOy02EryQo2naqcDcyq0wxI6C5xa1gx2IWxNhbG5OxOg0grGcEb6xqepfDmUBVwWQoW80kdRvko2dSQb9ydhiQLEHEDVdgnRDVFyrzVHHRVcMTASZK6CJ/LYZZ3gzQErcg4i7xMRbJSVUzbKXCP/wBgVzcwzOIbOylmZosWxYWa7PibDLcEGwGNr2YpMJl93siCkklEU92Sw9iD+gyuR+Y9uPBnUhCX9QVj1jUV+BlDEe4OJGJsRe7BrbEgkC4BNvYg5kYITaZGoKsOV9agWlqpCCwjPmOiDZoXA7ANkXzgBCgEMgK2BIPDNi0kqcm5EH2U2Vg81aiRgkM5jcyXCbLexCyZKwZfTYXYEdRL6TGlmNUt0tcqWLxD15YkX4ZOmy9SWO23ULbHbceh49P+q9HFPnmrTqmpotOcRxRs4Hl4dJtktwxjVVYWawLIWUtt/KV0WvDiN2hVteozZByDqP3hZdB8NK3yx5jJ/wAt2/8Aa3GhkXWYXDSUcUnK+nLTkkAgerAAfoAL9/4iR9uCsgLiVA5x0/lyp5VYNi6x2kVgmaIV6gcgVW3TvaRbj1APCarGvbxGCE6jUdTdgEHIOv5kaEXWuddz/pFZptdFBeCDLyszGDJUOtme6xyJZEjlQIDNu0j5KbWbEq1hTOy0Tqbx5YB4/Oq1G0zUO0YGmp88mb/ShRaboy0lQMpGByG0arb02Jmb027cL/kvOGj1P6RfxxFz7faw1UGlspUrKR/mwt773U/+P9eBdWq7h7om0mg5PsrnlJdLNaFCsM1OWch+mMNlYKAOzMfQb7W4lrdorU6RMi3DfplMbRY6pg34/SB6CuNPSwqozhe+AkY22FvKlxN2CqNiWxkGCtfJVbV7L2guBacg3H58iP0o+0UQCCMadcEZpzfqBRTalN9+8nr+S2/TjS71+4KHYHFW/hP4j6lUctajRmLyIaaBZaeViPMa+DxRQxoEByFywEjYYlJFBcxcLJG1tMsNBuVTS4sDX3MXJ1O/hyXT+MPOopQXIQBhZViCyuEwLgPKQpFpVBwCtu2MitYcdNRyQKTZRgv4k+Sk0kSygqdrLKGaQE3v04yOF6Ti+AUjqvYgsXeAXIQGmcJC+O/4q6+r0ZkiUxQsZAFLDNgARlKAL2y3RNgbAsT9PCn1C+2iYymG31Vly7ybqiaDpShCUjRSzRHJWd/my28ssbZuQCVvZV9uPmj2hhcSTcnEaCw4YC3GsMDgvsSSEyDfbvcEW/PID3H68G13WfheIVhLqxNGF77WNt9rfYnt+XYm1jxUa7SIJU4pEGQsFLqJi0XU5SLYr5S/dp2u1r97RxP+o/LjPqHvH06Y3yfJt/khVAbIc7hHr9IWnFJJHPEd9ziXG6sBcHtt3KsR/CT3xHFNWaTu9aMZ4t15jI5jVJbD27B5cD949NyqYuVa3yk2jXYbWjFvta21uNcOkSCs4tjIWycdRL/Z+fc/v9RHf0FZMAPyAAAHoABxoacz8oCk7r2qVh5jZSzFfLn2LG27wg7X9jwByhKRHOVZOa4AkkKzhQSbABjYAHt+Q4XU/tRoaiUfM/rxKV1OqGJFqlcCzbbgWb19Rv8A9+MpniF+PytR1jZMbwK1rUJpapZHeUA2AlcsADa4Acn9OM3tPgktt5WVAvEo55o0bT/i5zgl/fAX7H1txT2Z7nNuSkPABslPzNPKvKOmWJF5p74m17U1xe3sdx7HgaTGu7S6QD4P+kbyRSEf5fhReS6eJ6YFgHP+cX9PvfiSo9zTAJTmAHKu6ylg+Mn2HdvQe/CGVnhoAccDUp5Y0mSAv//Z","Shri Chaubis Khamba Mata Temple, Ujjain",4.5,,Hindu temple,,Ujjain
"data:image/jpeg;base64,/9j/4AAQSkZJRgABAQAAAQABAAD/4QAqRXhpZgAASUkqAAgAAAABADEBAgAHAAAAGgAAAAAAAABHb29nbGUAAP/bAIQAAwICAwICCg8OCg4NDg4KDg4KCg0NCwgICw0KCAsKCgoKDQoOCggQDgoIDQsNCgsICAgKDQoKCgsOCggPCg0KCgEDBAQGBQYKBgYKDw0KDg8NDw4PDQ4PFRAOERANDg0NDw8ODxAQDQ8ODQ0ODw0QDhAPDw8NDw0NDQ8PDw8PDQ4N/8AAEQgASgBKAwERAAIRAQMRAf/EABsAAAIDAQEBAAAAAAAAAAAAAAUHBAYIAwEJ/8QAPRAAAgECBAQEAwQIBQUAAAAAAQIDBBEFBhIhAAcTMQgiQVEjMmFxgZHhFEJSkqHS8PGissHR1DVDRJOx/8QAGwEAAgMBAQEAAAAAAAAAAAAAAgMAAQQFBgf/xAA1EQABAwIEAwYEBQUBAAAAAAABAAIRAyEEEjFBE1FhBSJxgZHwMqGx4RQVwdHxQlKCkuIG/9oADAMBAAIRAxEAPwBJwQBTxz1viU8vD3yNl5z1kqLKiMiBrOWBYXsdOkN8pte9u47+jqbAdVjqSDZAOZ3Lqs5cZtlhe2pDYkbqQQCCL2NmUgi4Bsew4twhWzvKoQ0M3U7j71v/APCOFymZVoDkt4ZMc5r5XeRZIgFk02YOrEhQxtYsOxG5/DhzWAi6zPc6bJP5mwdMKxJl/ZJH02NuEusYWhlxKDJTqx4HVFlTYyz4ZM25qyUahIh09LNqZ0i2jvqYBjewsd7WuD34e2nIWZzyNAkNjEE8dQRoH735cKK0NBKF6Jv2R+P5cAmZEOwTmVhGZWOgEH1VrK4+4Fhb6qSPrxbmFuq2UQ2poVe8o5+rMDxG63QgCzq2m973AtvtYX+0cQOy7p5weckHyRTMeb63MFTra8jEqGJa7WJCliW76F3te5C2FzYcUXybo/y8tHdXGnqtL9v47/19/FSr/L3c1dMD5j47l/DysUzxA9yjEH8AVHb1J4a2pCS7stxM2VEY4pNijF3DLcabXDnY6tdyR81rafQH32AkFOGAIEeH3Xv6X0VJ0ttewG5YAX2sfX0Hfiks4JwBV6k56ZmfJgh68ixaLdHV5QO+ggG1r9wLi/48M4h0WcYB2qU82N09cl9xf3Fj3t237+n09uFGZTBQMTC5CtobfMP48FBS+GVklHnhcEEgjsQSpH2EWP4HjZKwQdkbos3Y9Au0z/vE/wCa/FFjTsnsqVYkOPqiUGf8ywMPit/g/lvwBps5J4rVx/V9P2RQc080KCetb2Syk9vfp229dTg37AjgRRZyTjisVMh/yH7SpcPOjNSD5/8ACv5cVwGJgxuKG49ApVRzizSlODrQ39LAsPtFw3+nE4Leqn4/FdP9VEl515jaEbi/r5bD7rNf7dh9/FCiJ9/shdja8ben3UebnNmV07r+6f5uD4TUk4uv09Pug2L8y8x1MYBYLcXuosxBJHe7Ebg9tLXHpwYptF1nfiqrrEx4KrNWyu3c/U3JPDZWSFc6XLwxHHdCgX1hReyrctb9aygX9Tt678HUawOIabD34ptPMRJQnGKiSDFSvwvhqI9UI+FLov8AFZu7SOT8RxoBIAVVCgcLa0Hn57Kcd7DAi3offTdFMtZRxbNULmOxt6blhcC2kC5sfQ2IBBPHQGEzUzVEkAxA15i3JJpY7NiRhnPYxzmlwdUs0QQCAbwbyAQeeqY2TPDnmbNSTBRBeGJpJNcs8UrgR2CRgRMhZSwJDqoZl061F7tp4RrwTDgRtlvz06fWy7VPCYwim4NaWuzQRmh0HKATBHe1bEkiDAMKevhJ5iS4U7okEihFYaJtV9Z06VuihmQ7ugIIAYgtawY/s3Lab9Y9jxTX0MXSz8WllIDTDmVQRIsI4cnroASJsUPpvDTneDFZkaKFmjgLnTWU0N9gQg1Byz9wYgkTE9nQWLIOAN+Xl+8x1IA66JgwmLa1rn07RPwVriAdeFGhExvbUEClZmyHjWUsJieSNdMhIjKuXIKX1BttG+5BQsCBfe/CDgzAIOs8tjB0Nr+uyHF0q+DpNrYim3I8wyKgJmCYLfiHm0RpEqt1jxLht7b7A+19iSP6P+vGd1EtvNlzDi6bm2ac2/Lx9/deYflGvxGnRipAcEoSpUMNVrre1x7Fbj68MpUHVTDfBYH1A0ZnIyvK/EWX5D+6eOp+T1eR9Fzz2lS5j1UfBsTMFULjud97f1bjig94DmuyHQUExzC67L+LSRuulwRqS4YjqIJFF1JUkow+Une49OIxwNws72OBuPeqbXhhQpzYKMbA0TNYDXf4sOnYBv1S1rj1ttfjrU6ow7oeYBH8fqsfcniHUSARreOh5BfUDw30PLR8n6pZUSYyTK6u/SfpipcJqRrAaowCNhsRwb8VVLiaV2mNui9LT7Zrsw9PD03DI0AgECQYk311S1zznyompJlDsiliqlQY/Kr+Ug6h3UDcEXFtuPSMdQZTESTvIC+xdm4vs1gZULmuIEmSDci+o0nYoBjmIYJgXJyV1q41neQyNUBzHIsYhRGgmlBBRuswfps7EkiSxAZ05lbGtOK4IY7Lw7kwGzmN7n+3cxA6Lzv/AKPt/DcRriHmmxuUNa0u72YuzhjQSRkGQGJmGjYFB+LLmLh+ZOTWFrFIrp1zpA2KgU8iuCLmxEgsykI4a4YA7CYjGNdTDGEGYmNQIj7L4Y2hT4pcPilztP7jJWWsOw44nSPuAF1Ek7AWCev2ceXrPy26rt0qecE7AKzRx4lTZagSQuOmXUJJrDxgykaQredRpVQFAAA7AXNyovY5uZhF9xF9dxqjfTcBDwfA7eR0RunzFgkNOB7AD5fYfZx0BWpARCxGm8qgyLDW0zhY2RkVjJJI/SQEXKqAw21DsCfW+q3fgOqBsZj4RqurTpmoTlsBqToPNa2xTm3kusxrDIIxDIaelZZ3alRws/Qp1Ul5kilcSAMsqU9QGkB0tcXty6lNxl5JvpfbqPnfRejwGLw+HLhWBJaAREa6GDoHQbG8AEqdlzFsj01VTqk1HCUjcGIRUyzMjSyfDll6ZnazmPq6alA0ilnWRihHTwlR8A1nBw3kC5ganxEgXgQJKRicfguKajKJaTBEGA06uytENALpIAHdEAdTXLbxVnGK2GmecyMHIasiiiSM36p0uggijQRxIvUNiwGg3YlyuvEYqhwyMhbyi58RuRHvRLw34CvUFOsILv6nHutMTd2ZptpGkkeArNBmbmjiXjBLrVzJSROwLN13oUiamZelLAL3aSoksvVTq6irBx01K4W42k8SZ5HumRyt90j8op1MUaLHNFKLOL2gEQBYkgEz9OiLczufUmXuYLlqqOeB8PqY0ijinmierfqJTyyDpxv8JTEujrJoYSN17izbTVw9QDhagRcQSZuSD5jppsm43AYXCjJmbly92HBxLpDrlk6jwUvA+a2QMm+HeES4LR1zxwqI6bpjqSy/pWhZpSDVS6hTl5ZpDEeq4dCV1KxzO+IFm+vPnz5+7LNX4DKeUEmoInQtI2g879YvfZJeakgxrNjPTpS0aVM0c0cCyp+j0RNIjSQvp6blUmUhjCqAs2wjvdcYitVAcbCRJiNSR8rLf+GfTw/EYWy6Dlae820XbYzI2nUKvc1nnPMiUM4kLHUZIwGhOt2IN1VFuFILBVA37t346FJppNyFwJGsaazb1XLqAk95rv8AIdbTYD5KtSYNA8htLBa/l1GZHt6alWF1Bt8yrJIAbgM3c6iTNgsYqUYub+919MKHw7UMFWzGrVnY3kkanjd2+hLuRYj5huTtutrcYBRAvK7ju3Gubl4IA5T/AMqTy45CZV5QRTinsetL1JFQaIlbQq6Y10yBUBBKx9UquoqulQFBcKTJN15jF5K7hkGVvLqTJM6/oNl3zR4U8vczqgNUBCw2RzEy1AW5YoZIpopdJYm66ghUkdPuTlxOHrPpllCoGOMQ7IHRzgEgXFr6axMFLw7W0j35c3lMeHP5fSVJy5yQw3kTHI8RUXAUyw00ocJe5VhCZpNNwvmYMLqNRPHP7P7PxdAv4+I4jTEDKBBEydTrbfZdari6b2gNYRHNxP1XPDM6YVRkuk4e58wRZFluTudMwjBH7RjAsdyAN+Ov+HdzWc12nYpS81uV+SecOaZGaJy0xgLJtATPTpNEtT1InDlmglRHjlRo9ECHzFrCOpVABkcB5e/ZSczSTIR/L2Qsh8uaSWOGoIRmBsKcySs+sM2qR3RGX9SJTTNphEaKbKON1F5YwNIk3k+7/NZHsDnSEIw/w88seaeOTBlnMjQMplEcVPFBv5KrSJEj60J0CKQxEkKNaTEakRWYKhDh3ecb+PMHf+ETGRfVCsZ8IPIrAsJCyYo6yhQrVCSxmZgrFvNGRPT3JO+mBD6C3fiCnTDQMo/Sd4G0+aZnq5i4vJ6dNpOphL0+Ebw7g/8AW6v/ANdP/wAXh2YoMqoac5M/R/8Adv8Aj/vwCKERpOe/MCgG02n7yo4ikI9gniR5q1E/kqHJPt5/81xxSuExKPxL828pwKZKtQT8sbJHJI33AcWqhGaTxDQZxxVf0uGNHJ2qogIJD9JVJMb3HrZZAPlYb8RSE4+auCYBg+BQyxxaELv05ASUmhlgaVCzKXmBie6WcF9O4BstrVwlBWz4hgVSFkjaxUFUkB1lGGzxOb9RCNxfUwHcnipUQrOeJvU0wQEhLAlSxAY2vd7btovpQMW0gbWueBVwl1iFBTwL8yj6Am/8DxJVIGaWnv8A34iiAYbgNdis1lUk+w4uVExMJ5L0eFU2upk0jvpvxSi4VPMWAy9KiguexmI8o+v99vt4iuFBmw+hycC80nUnb1O9voo/IfS3FqIXR1GJ4vPcRpp7hpB7e33WsDtYHiKlszLOIR5v8NyrdSYXOhvSwlEhIsNiIzLGLDsLWsTwQ1RIz4q6ObEOXsEwsem4D33GiZbA+9xKI9JFrFj2vwO8KLMWaZVqKi358UrKpFXhaQzd/wASP78UqhcOjbi1ITkyLSw0+C7KBt3AAPb6cRC1IPnXXVM2agCxI/ZJJXv7duCRJj5NpoaPKY0gDy+gC+nfbhagSsw1jXZvOrzb/reb1+t+GKFE811Mv6eoubXG1zbv7duIhWp8nRpSeGOqsLeQHby76u+3BIkzObcjP4Z5d/8Axo/4SR78AfiRFY6zvK640+/+3biFQIZg8ETQE2F/ewvxSteWHEVSv//Z",Kalidas Academy,4.4,,Cultural centre,,Ujjain
"data:image/jpeg;base64,/9j/4AAQSkZJRgABAQAAAQABAAD/4QFURXhpZgAASUkqAAgAAAACADEBAgAHAAAAJgAAAGmHBAABAAAALgAAAAAAAABHb29nbGUAAAIAAJAHAAQAAAAwMjIwhpIHAAABAABMAAAAAAAAAAAAAAAAAAAAAAAAAAAAAAAAAAAAAAAAAAAAAAAAAAAAAAAAAAAAAAAAAAAAAAAAAAAAAAAAAAAAAAAAAAAAAAAAAAAAAAAAAAAAAAAAAAAAAAAAAAAAAAAAAAAAAAAAAAAAAAAAAAAAAAAAAAAAAAAAAAAAAAAAAAAAAAAAAAAAAAAAAAAAAAAAAAAAAAAAAAAAAAAAAAAAAAAAAAAAAAAAAAAAAAAAAAAAAAAAAAAAAAAAAAAAAAAAAAAAAAAAAAAAAAAAAAAAAAAAAAAAAAAAAAAAAAAAAAAAAAAAAAAAAAAAAAAAAAAAAAAAAAAAAAAAAAAAAAAAAAAAAAAAAAD/2wCEAAMCAgMCAg4PAwgNDwoLCgsODhAQDg4PCw8LDQsNCg0RCAsNCw8KCwkKCgoQCwoNCgoKDQ0KCgoLDg4KDggIDQoBAwQEBgUGCgYGCg8NCg0PDw8QEBANDQ0PDw0PEA8PDw0QEA4PDw8PDQ4NDQ8NDg8PDw0ODQ8NDw0PDQ0NDQ0PDf/AABEIAEoASgMBEQACEQEDEQH/xAAcAAACAgMBAQAAAAAAAAAAAAAFBwQGAgMIAQD/xABAEAACAQEGBAMEBgcIAwAAAAABAgMRAAQFBhIhBxMiMQhBUSMyYXEUM0KBkaEkYrHB0dLwFRZScpOys/EXc5T/xAAaAQACAwEBAAAAAAAAAAAAAAADBAECBQAG/8QANxEAAQMBBAcHAwQBBQAAAAAAAQACAxEEEiExBUFRYbHB8BMiMnGBkdEVUqEUI0Lh8TNicpKi/9oADAMBAAIRAxEAPwBd3Th3cM94IPp8AY0Y7A1WjU9mwOtdu9D86i3mo4ZAL0Va6wFuT3YjQnBK/OXCHFssEnCDzFH2WoJPkrbIx/zcunxsZlqxo/Dr34odQUAyLnkZIzWrYnco3KFqxTxkxsCCh1rVSV3qpU+8AwNtKN4zzCG8XhQYIPiUkV9vhMKgAsSAK0AJrRaktpUbDUzNQbkmpNSaorTQKRypbhPpxFCrbe8CDuARqB3FQQQfMEHsd60oqHHEIrdMrR3xuken5/15flawbVBL6K9ZL4YYit8H9kTMhPxqp/zKQUPxJFQPMeUligSp7XLL+csm4TrxC7LKgG5jOl6fCNqq3zEq/Leyb5LpxR2kPVguXibyX/cxopruI7wGBZ5aoAta0UEcpm2p0ux8/SzTJWkJZ0JvV1IH/wCcMDk7XmLf9eP+e3X0fsk9fD7wjwrEcJ/SF7o3z2kpY+jWjtD5c0ppiQhg8+Sp3ia4I3nBsO1XFSQXQAj3hV1FGp3FLF0tEOwL6Y4Y68wktEyh0wY7LHD0KSj8HzjOHEYlGDpYijLUVABBBPY+hG/ypbIs9hMsfaRuocuqLVtVpEUlymCUF64K3G84uy4Y8iOpIpvIhJFezdZFPIOop5WEJZWPMZF4jZ79YJgH9sSHAH/CEZ6yTnGS/VxKQzvpABaQmXSooB7U7Ko2UcwgLQCgAsY2oHB4IO8Ksd0eFVy8Xy/5WkT6FBeB0DmCRQ8fNBNeSY1osOnTQOxfVrqSNNCtmYfC4e6lzA7Pr+01+GfHbDbheAcSjIpuSpDedKEEBq+dBq2+8WYqSEo6PYup8I45ZPxrK60vKqsgbTzA0Wor0tyzIAraW2OgkA7Vr3z5WOOpXaLpxSzv+WcExzH9Uekg+lD+FD8a/naYxTNGcTqV9i4d5dMQrd17D7J/bYt5qpUp9eGq9C94d0/4H/5aWe0cf3XeXwktMDuDz5FXvirFDeMsNzKGjR/8i20dI42d3pxCyNF4WhvrwKD5Uy7h+I5fPOjBDE12+AtXRYHYepV9KE9v6DmlLl3ghl+TiTLVTtJXvvQx9q+ls+CIfUXdfxC0pZXfT29aygvHPgBhZxKNrs5py5yB36gEI3pWm9i6WjFYxvPJV0TKbsldg5rnDiPlaXBsHBuooxkjUU9WdVp6b1pZG3QRRxlwaAcNVMyAmbDIZZQ0mox/AJTgvvhYxO9ZED3iFWYxBiKqTuursy08/I2NFothibJiCQDgd1UpJbyJnMGQcRlvogGSvBXieZMqK8kKIzLWi7ChAPkR672TsdkfPEJC9wOzNNWy2MgmMYFQqg/hXxy54tIk8LhQ4913oWReksoelVEraTvQFv8AEbTFBM+V8LX+GmN0GvVUd1ojbEyWnirhs6osG8POMI3v3j/Ul/ms59PtH3j/AKoH66PZ+QukPDZid8n4fsLpKUdoJgHADFfbHdVOxIA2rt570spYJbr3eSZ0rGHNbXKo4JZYPxY/tDGAbn1XJouicKeQrxmKMrJeKaFcy8xNMjglwFUPU0KW3oyaVOoooAaQK0I1Lb4m825pytlS5TZevki1lljaJJOUJNd3M1dQYM0weBUjABoskmzajYthld2QAwxKXkha6d95oPdBxx10/NetePh+4h5qzlkS8TYViK85QsyySIJvZBDI8cvUtZGQFVdjVAUYq1CDXtSy13gMae/WXoqTxtMAacq5DCnWaI8M+MeauN2XUbF2VJzLMiAoA8eq7XVx9JiAX3Z3dQKDWkdQerpvpCYudEd54tXWWBkTZQMroOf/ACXPR4n5wzrn1rvj4gKXfEOVqSNo3eWG/JAzRqZHDRNpJoKFD0kmw9Jyl0BrtbxCto6FjZGubXEHM7iutr54hM25e4kLcb7drvpKA61MpIuxhZ0Ys1F+kABFkQR6avsxXe2nDaD2TW0/jyWW6yMcXS1Nbx2bf7V4z1x1XgXwOgnaJWrLAjBmCgREkyEEkLzBDG3LDsimQqGYCtVdHzBtmB2HiTyUWyzmW1ubtHL5ULiNxTvuU8l3m84XEpKz3caZAwossiRdSAhuYNQBUsuk1Jrp0kDbV2M8zhnVo5JoWUSxwxk4UccNwqudpvG5mgTHRht2pU/bm7fGiEfgzD0J72e+pSfYPc/Ct9JZ959h8qBNxdx3g1wMWXLyxmRpOWeYrMul5mDFQsiHWB7pJIHmDbzlhPfd5c1taQaHBtfu5JXcL7qWwyWKaWRdGjlpHIyKVnlMp5qB+XMCkLJEJI3CSSqwU6tSus7sdPNdKTeB27kM8TfEHFbhxRuq368yLc4rtdpVUE6RMRKjtF9lJWQqpc0Cpq3Gq02H/SrvPJLzUEx8vlbcVxfFMH8ON6fDbzKs0t6uiPKHIkkUMYfaNHp1RyQBUZdwydJLd7Vc4utQGxpRTE0x02mvXsinDvNt2h4c384aHF4juF7bmF31ALdZGjCyFqq0MxkK6CAqlNO2mk2s33xAfcB+QrBt1jidnyqd4dccvV8zvGrdQeSB3ZjVjW8RPUEt77OoD1BZ6FnYlN66Qd+y704roGgvB148EWyXnCbBuLN4bE3kdGxO9CpZ2A0ymOMAE6KREIErUIEkA92gdBuxU/28koGNOvXzTg8Q+ZccxXO0EKc83eG5xMBFEzgTPLIH1kHRqKqoow6VFSKSWXs1f08Y8z/6KoWtE0jjSpIGOy6Ot/omDk25DNWS7p/eoyahLKzBmkRmKqw1XirVYher2hZQ1HBOlGtWBgc+W9rI4H5UzPLAy5TI6gdY+OSvg4SZKp9Qf9R/5rOfpo9h9ylv1Uu0ewXLXEK6nEfDgaNTRqftWpEj0FPifytjaLZffJubVa+kHUEe9wS5yhl3HMcxFZbjRozyxIrsFJEUhK8tnOiRNMmmnSEC0rV7Nfxqf8q7nY0PBXjitwlzFxJz7A0HK5KXOOOQO5V9TAlqAxtsNa76g1a0FQKs2I1gaDmC7is20kNmcdRA3o7NwWueD8LPo2IyezkvETHlN7pjYuKyTxgtqYKukXc+e+4pPYjte03UK42g3borga1NOA+UTj4XZa4a5LlGGqxWWCRJA+ghlMRU6wkaancNpZ3L7E7Vatomja4tIGILae4UNncatNKUO3YdpW/ItzyDhBjFzWEOoiaPSwZw4NToJLMBsA1CAASNq2Fa21jcDsPurWd7zI2hNKj23rbw/wAXwm5YNI1+uIN4dixYQxl94kA1TNStNOn3yaKB5LYjZGgUqqvheT3QeCKYXjOJ4XfJ2ngJSQIE6wTp0Bfba295exoXr3qak2XglaBTedW8lMTWdxoTu17gvM08TLndZ0aWa7JTm6kedFYl0WMHUFNSqjsRuABUBbFFobe6Clthe4YYncCeARdOP9wZfrbp/wDUafd+j9rW/Vx7fyFT6fJ0Cl9hrXTEeH0SXwBo316hUgGkjdypBpXfYjenwtk6Jk77y05jmntIs7ja5gq35Ikw3KmE0wO7Qx6TsyrWXsK+1kZ3B2G6lTt3t6ABrcQADtpisV15/iJI88FSsb4hR4Nnx00y8xtLhjHK8ZLaXbXLTT3qCGkSmwBXptAfnjipMZAGBp5Ya1NzFmjE8z4cQ93aKIbhmZecWDafqlDRqhHUCZTJUhTEtDZV0zRgDUpqOyPoXOwH5UfE5yY0N6meQgN7zCh6SPq1CxBiCRVY1G3wNl3ve9hww8k7HDHFIMcccyg8GbtcxGER6ydqg0jHl9YVOoggn2SP81qSFnuFABXremWtN4nCnWpbLlc79MgF7vJVa+7H0gjtsza5jvtVXT1oK2rUk1GHkr0aBt80Vgypl/m/p0Idl07ye0behNGl1H4Ch8vjYghrnj+VTtSPDh+OCtWHLhlxiHJRQAPIADbby23BNNt/hSxWwhCdKUUbGrkrdUY/CxexCF2x2pS8X8QxvL8IbCEaeSSeRyryBaBhssHSVWNAgVEVQNyxNSxIzK1loc55zaOJQ4oXyQBrBWhOtaLljmZMRwdViYRVXrYaXkUlnBS7ViSMFW35syzVHZGGkoy+0MaK1rs681SGxPkcQRTb7KXMYbhgumJiQq92dnYmv2nYl3JY9TMW3JO9N8xsxkkB3hbckAjhLRsNOvyvMQxxcQuHpXc+gUGpJr9kAVJNOntWosaENr3j/SDPfu90D1PxVCDFNmgVvJPKqKLuuvz1TefLA6lQd+ktuRYTyD4TgpaCfEMUYw8wxv7GgGwX4d/uAoNqAUA7bmo1ciiyhet8qu3VQVp7o3H40s21oCVcUSvF9bUC48z/AA/6+dnABRJE4rw40ykU9f3fxtwUkrQcyXhD0kU++0rqKppimLXm7VzDIrS1rRV0xoPRASXNPIyEsSxY6BywMm0vBfhX43+fWxa1khLI6Gm87d3l1tUnD8QML0m7mm1dqFmYEkfqnt3+W9pczut8uatE/vv8+QC+xbEI9FIATUjVT0+G2wAqd/Ktdq0JD2QONfTb8Ktp7UtN2lcsa5a8taEXLVmK+dP1C0r+uw7DcfVBh0g++3U1dNEh90k3PDv1qkd66L/i3YBWyTmxR0mbcgVp6ei77UJ+NWINe1BuRgNahRXxFXYDbpX5nao+Sjb4V72loxVH5LK8TfR5BXyVvy7/AH12s+0ghJOqvjiAMHR5Af7trEBS5atF4mZu/qf4C3VouDaoSMTU96Wmqmi3BFfEwGG1R8u1f2282zNekOAWmMlsUaverf72toSnu+/FIweI+nBC8wsY8Dk0/qD7jIQfuIFD6gD0sqzwlNS5hW/KsSLGKAU6/wAgKfh5elmRl6JRy8lYsXr36/yG34eVrHIKyjkBL4mn+u9ubkUJy+xADU3/AKx+2xo+aXdksKkt94/dZgZoRU6+Acg/dartS4IBLGnNO3mbHGShf//Z",Triveni Museum,4.5,(2.5K),Museum,,Ujjain
"data:image/jpeg;base64,/9j/4AAQSkZJRgABAQAAAQABAAD/4QB8RXhpZgAASUkqAAgAAAACADEBAgAHAAAAJgAAAGmHBAABAAAALgAAAAAAAABHb29nbGUAAAMAAJAHAAQAAAAwMjIwA5ACABQAAABYAAAAhpIHAAcAAABsAAAAAAAAADIwMjQ6MDg6MjUgMjI6MDQ6MTgAb3BsdXNfMgD/2wCEAAMCAgMNCg4IDgsKCg0KCw4ICAsICgsNDggKCAoKCAoPCAgODwgICAsOCggIDg4LCwgICQoNDggNDQ0KDggKCggBAwQEBgUGCgYGChINCw4QDw0QDw8QDxAPEA8NDxAQDw0NDhAPDhAQDQ0NDQ8NDw0PDw8QDg8PDQ0PDw0PDw0NDf/AABEIAEoASgMBEQACEQEDEQH/xAAcAAACAwEBAQEAAAAAAAAAAAAGBwMFCAQCCQD/xAA7EAACAQMBBgMGAwYGAwAAAAABAgMEERIhAAUGBxMxIkFRCBRhcYGRMqHwFSMkQmJyM0NEU7HBCRcl/8QAGgEAAgMBAQAAAAAAAAAAAAAABAUBAwYCAP/EADYRAAEDAgMFBgUCBwEAAAAAAAEAAhEDIQQxQRJRYXGRBSKBobHwEzKSwdHh8SNCUmJygqIU/9oADAMBAAIRAxEAPwDBaEbHIZTRqNuguCpBENphelfim0KQvHS25XSjlTaCoC53j2rXShkjO3l0FyyptC8ocDt6QosrkONiFUSuqG20hQugEbeXk8OV3ImSSk99kp4an3gWoYZaqpguY2JZ+rTiQShkDXhZ4pUCsfC1hsixXaHw6nw26ZmAfC40WiwXZpq0vimDOQMjkbb+PRGu9fZlpHiLpuuaO65QHd2/BKrsLjGX3yiZlS/dkZmBGmQBDUN7RcbkyP8AGPQoip2W0WiDwdPqLId317NG6Al1peIkf0lXc06L6+KKopnc+nhTW17d9rB2kNS3/oeqpPZnBw+k/dDe+/Z13Olv46tB0uJOG64Y5GxPUimq4WCjU4yMbXChjZTY3Hg6D6h+FUezYttH6T78EN8V8injiM8dZBUKoJwak3pTzMUQyWSGWk6V2AsrPVRxlyql1yB2ubjGExEdPVcP7Oe0bUg67vLOeCUk8bA2IIPmDpb5jy2NzySsgixUO3oXMLpjm2vVKK+BeFd4VEqworWyXryBGdaWFpEjkmmAtaKMSBm8S6C1wWG1VWq2mJPv3vV9Ki6q7Zb797tVurhf2IuW9M0z1G8IK+JoXiWOaBqUq7YMrw1BaR4pFxkAdHQYuTZsVulrY14yMeOf6J3RwTNWkzoRkq3hPmxRzbrjpwsdFLTslI8FXWRI6LCgOZqm6Rq+ouolSKON5TIpv0mk2RYgtbWLtsEG82Gei0GGcTRaCwtItBk5ajwXTvH/AMg3D0Ujw+51SmJ3p2ELQsmULmNjHeZUYXTwsBYrbHRtXTcFULQQ5sEA668gVnH42kHlpDrEibaeIUcHt0cvHOTpUx+oMKG59Ti0w+3n8NNq3YKtuB8fyApGNox8xH+v4JR5wX7Q/LaaOWsTWKmUyVXWVlaBIk6rN0wvVkyGWFlwcqyAlhbYKrQex7WFl3ZZeqZ0KrajHVBU7rbnOeiW28+Y1fvGM1G74jRtUsY6R94uD7q8c6wvKjr10ppyGnwjieZyyxG7quAk0W0KsVLgCTHoi2Yl9fDzSsZgT0lY35rcseLqWeUTpO4WQq1W6u8dSxZlDmqvKpaQqWCySioP86qxIGjo1mVANg+G5ZGvQqUifiDXPQoBJO110IiCp4J4gXVoJVF8blDqb209fha9wCwuoJHIxFJ3yuCIdhKzbuYU1fZ64Q4brLUjxxyTRO06RkS/xUBCK2UivCImhkdWUxzwNImQZXwuyftBrmuFQHuxBzsdLcfXyd9mPY5hpH5hcZXGt+G7d5sau31yqpsqOoqJ81ySSKlasMcKOARC5jZssQzh1LyG5dXGl3WNoYyq3bp2F4kgWGsHQ6I+riMJTdsOieRz4kaoupuEN31IjkpayvmhkDLOi70rgZFIIGLSSSCIqwxkilRmPbEa40GrWZUNOtmM7CL7oHndXMZTfSD6eR5z5mfCyzFzW3xu6SpYorgoWjmlmkZ3q5VkcNI7HXUBdT+8c5O2JkEUOsw1NzKYDzJz5cB91j8ZVZUqksEAW5kZk/ZBhXYpArVXsxcEbn9wnMpSUbxUxOkM3+kjQqVkkUhYJw8spwsZApjJ18K5rtLEObWYGggtkjIZ6jpbqtd2ThmuoPc4gh0DlGh633JicPRSydOm3fOsdMhCw/s8LPE0srl5FZzKZEObguUnlZ2KsIgznYKpVe29UdR9pTajSYW/wogbj94970b84uUXMI0jrUTxVkS2ZqWaSR+q0bgo/Q66S6EKfFZV8JKgglZD3sMtgcjfyUAUqvdMkcW28xCRi+zpuI6kUiE6sgo28BPcC8xbQ6akn129/wCut/WVYMBQ0pN6BJHlLxNvOZzu+XOqjqI5I1SoqJbQydJpA6G7uxHTFo8ljvdrZWIPruaz+KAARlAA9PZySnDh1SaLnEtOckn1P7Zhaa5acrNw0DCtiZ6eZ092Miu0hZZWjkZRFJ14xcxKSyoHUgW8OQZdUxr8QNl4kC+70TGlgKVDvMkE21Pqkvx7yjmq95VUqTFyJEknSCneV06qIiGQRZKjSMpxspVmJsDaxc4fFFlFo2dM5SHEYMPrOdtgScov6p/cl+G13fRGAN0nkqPeepIrF3MkccYDwsKcgYIqWVQQ6hjcFiUeMquq17j+X3vTjCUG0qeyDqUByexfXSzT1EtVDCHqaiXQ/hSWaOaEk4yxxs0T1OSZOI293AaTGRG0TcXDQAMg0Hp+3hJWafhWhxL3ZkkRA19jnATB3D7I/AkM6gzKXjkmqoI1A6jAA42aRpvfIab+HKKsMUivnI7SNIwYepi3iNqwcI3R/d48svBX06NDa7l3NkjWY04hsjWx8ZJuAuXHB8BYrA5NfPJHUmslbOpxkeMSrGmUAE0ks5xjSiUxFFw/ddNUuJxDnECZAy5c7bloMFSZDnNbBPzDjJ0k5/uiDeie6zLRKICsgzaIxeKSS4WJuur4qBhGAGpZD4AOoBYLQS6O8mLNg3blwyXA1S6szaWQFlMwLAFxgCyscm/F5SJr6ecNKtgLnHE27z4iKck6sRC2pOpP+Iw1PozD4nvtJN10Ml80OWXMWqgmWRUIIDYNfszpgbggLjbPzJBPntosRh9tpErEYbEupukBaKj5kcTTpHdkWxJAVMioJj1IPVV/AGUrghAN7jVdlIotpEge/ZWh+O+q0F3lZS8Z1u7yOr710y0gmdVoFZkZYqWF0Srcq7IypJdlWmkYNhbGSUOXh3OFMNi41nml9eDVcZscx+ekq83bxbuxKQj3oMM1xNS4ySzOWveTqte4F2JP9TBQADWY91QQNNAjKVZjKQBM8zxP2hDEu8eGpHkqv2zHCWkssLvCQEzQkKplBwxHhIAuMrY5XVrSwxdTAdbruz/RKX4wtqktvM7jmZj9c1Z83Ofe66elien3rUVcrzmKthhqEu9GWqJHXMx1HRS/QVFDMgB8woOxTMJTaxozsB015oJ2Mqmo4kRckW3/AG6HijZOefDySROm86qojV842amqZOkAlMUaPGAYMMBdlIWRk9AUQHE4cnusuLXJA1yvHJNcHiRG1Usb2F/SeaXntF80KCsqC4rKydHCRlpaOsK4JJUyBWRo4D3qFvYOrBYu7Bm2llM6xPMcOPuV26q1ogSBI0MWnh7gJh03HEC0ccbSbxlaMJr+y95AFUgeIqWMbK63e+rKLgHy2CdQftOMi+8jfzRzMUwAWNtwdu5IC/8AaVB2LVt/P/583f6xE/ck+u1oocuoUHF3tP0n8LJVFLUO3xPqb/E/odtnJaAswHElPrl1ykrahQTUTnEXKq/hC/I5uB21BU9tldauGH5QnNLDOqC7iqXiTh7g+OZqe0lRNG+MquJzg2gIbFHW4AA/AX0t5bEMdUc0OyHghXtptcW5kc03OBeWnDBgE4polckg5KoIC6ahglQLntlEqkWILX2XVa9QP2dq3vwRtOgwtmFfUu5N1r2ijPyHb6AabMaRtcSlVZt4BQB7RnD0s9PTIExVa1IHMaFcVq7xEm/hY3CBdDa/ox2OpulAlsLU1ZxOxxYhVAsBqbnEAaqpsDp5W+WyjFkuKe4FoY2AoDvtDKGxUW0BJOo+qm3yy2WQnUolrko+mTYIMbDGxsALDGwwUWPa2vnt2uWm6SlQdyZHV+57BfXy129dX2WFOD1CsWIDXQx6i9s7XKn8SGwtdSpsWBOLMraiobQsRTsZT45c8bJEgQAWOmrWP3Otvhe2yitS2jKd0a0CEcV3EMTDI6fK5/PUfmdqNmFdtA3UdJxTTWx/PQW+up/LaAwzK8XiIVzSb1PfuPmP+e5+42Y0iWpXXaHIV5m76hVKdFLr/H08jIJGKuElDWeMlksCA3a9wNjw8kXS3YANk+6GupS2oZifQ3t66aafTZFiZlaLCRsr3egE4FiAfO9gPn+E+Z89gtE0srTmVxjuWKIxlwWxvGq3P4tF6hIaOIdzcEtYaK1wDa1hKq2oWVKnjOTI/uz3PmPX+3YsMCp+KdyzjumsA7m36+2zt4lZZhTO4WqoyNXQAf7nb79/sCdgHhM6Zspt88TUVsUUD1fzP9q/yj5hm+XbblrTqpe8ZBeN373nvqTYdu5vb8/vtMBcBxRXS8TMRbsPj+u/689paFDnSqfjDemWH9DB9f6bW2IBshCLpzcHcdMoDdy3b4fXv9LbLa4lOcOYC4eZvNIQYSMH8ZbFkUXVYVDysikosrIrpaPqJkzRgtGrF14o0ts8ETWr/DbKqua/PrhaMtTRrIUdBLHJ4smaoBeQyRSkyxSZEhlxjXsRa5AIZQe6/h0Q1XE02d0Tv6+9VmKbiwXJElQATcC7aDy/zdmQojcEpNfiVTU5O1xQoRBSsdPpsI7VFjRXdMi22qVuiuaD/rbkroLopCcvrtYFQc153l3/AF6naSoR/wALO3h+ew1VMKGSaXO+GP3mnjsMfc2IS3hvgjXx/DfJ3N7dyx/mN6WWaYRRvE8VhXiNR1nHYByAB5AGwsPIbOqfyhZ2p8xVftaq1//Z","Bharat Mata Temple, Ujjain",4.8,(1.2K),Hindu temple,Free,Ujjain
"data:image/jpeg;base64,/9j/4AAQSkZJRgABAQAAAQABAAD/4QBiRXhpZgAASUkqAAgAAAACADEBAgAHAAAAJgAAAGmHBAABAAAALgAAAAAAAABHb29nbGUAAAIAAJAHAAQAAAAwMjIwhpIHAA0AAABMAAAAAAAAAAAAAAAAAAAAAAAAAAAA/9sAhAADAgIDCggICQ4PCA4NCAgICAoKCggLCAoOCA4ICgkICggICAgICAgICAoICAsKCg0ICAoKCQoIDQ8KCA0ICAoIAQMEBAYFBgoGBgoRDQoNEA8QDRANDw4PDw4PDQ8PDw0NDQ0NDw0PDQ4NDg0OEA8PDQ0ODw4ODQ0NDQ8NDg8NDQ3/wAARCABKAEoDAREAAhEBAxEB/8QAHQAAAgIDAQEBAAAAAAAAAAAAAwYEBQIHCAEJAP/EAD0QAAIBAwIEAwQHBgUFAAAAAAECAwQREgAhBQYTMQciQQgUI1EyQmFxgaGxUpGSk9HSVGJystMVFiQzQ//EABsBAAIDAQEBAAAAAAAAAAAAAAIEAAEDBQYH/8QAOhEAAQMCAwQIAwYGAwAAAAAAAQACEQMEEiExBUFRYRMUcYGRobHRMpLBIjNSYuHwQkNTcpOyBiMk/9oADAMBAAIRAxEAPwDZ3gf7RvL9c6UKJWrJDEVDTxqFYRjEnNHb4hVQWUqpDZgZBC2uzTqB32YXLe0jNbrL6aWK8uNRSFiV1FIQ2j1cqQhvHqSqhDK6uVIQXGoqhBYatVCFvq5VKLwLwq5Rp5ElihgR4xIquiYsA+8guNyHJJN77knuTdNrQNAmi4lNYTWuJDhWQj0JcrwrLp6qVcLExasKoQ2h1WJTCgvAdEHKYUFoNXiVYEFotViVYUPpDUxKYVcBdZStYWYGpKuFmo1CVcLPQYlcLwnUxKQsGOpiUhBdtFKkLUXib7SvJ3D52p5DKZViEmMaZDfLBWckKrtjuPqgqT3Glqlw1hg6owwlch8w+2b4mO11eKMAg4xQRldiTiWl6rkWIucxew2G90+svOpha9GOCuo/bz5zAAMVGSBuelLufU7SW31fWn8lXRNXfSzafKzARVm1JhSERZRoCUUL3rDVaqQvGmGrhSFWVfMFGs8UBIzmjmkQepWMxCS33dZNZ44MLQUyWl8ZAgHvmPQrRPtRe0PWcOCUkSP1aunmZZ1YAxfUR4kZJFkkQ5MclCqFXZ8jjlUqkZBUGyvn/wAY4xOzOzFyWLFixzZmLHJndiXZnNyWJJPc3vbXMC1VTHXwmQgkdzY39O6kgm4y9QSB9hIsbOQyURDx+L5j+MD8sdtY4CiX11Tikvy/Mj/cq69BKVQW5iPXjh7F45ZB5SDZGiBsbOhHxhc5bGwt5hqi5HCsKare7b33BH3WA+7uG2/roAc1Ck6p8aOApxOXhzkrIlDDXKxHkeJppYWRWtYSxtGpwNmdXuobpyYhXrsoMNSoYaNT26dpKbtbSrdVW0aLcT3aDszJ5ADMlTOF8/SvST1IRn6NRLCVjKAlrNJEi5yAGQRYdQAsQ1yBuoPMstoi5YagByJERzy74iea7m09iusq7KLnAYmtMk6SAHSImMWLDlpzlc+cE8bJuJ8c4f0HpRKOtFAjP8EQtE0tUamXHPFkgViVUeZIAEdgA9mu97w4DsXWfsyhbWz2VHToSRGKQYGETunwJz4N3tZ+BL11Zw1oZ6ZzEssUseVpBkEcvFcYuq4MMS6sgcm0wBCI7UvhZ2z7h+jdY5kAeZXmbeyNeq2k0xPHkP0XAvMHJPMqPURvFUJJCB1VCklSXjxF0BRvLJmCpYNGjlWIGt7WtTrsFSi4OYcwRofbsOY3hc64i2f0dc4HaQTHhy56JFhjqndR5bKsbbqB2IG9vrGxy3P5jTbnNAlUJKlLxsW7xfvUflfbQ4US7q8D/HeaGFoZ5EkCPeLpyo5EPTACZSyQ7BwcV3xFgDYhVO1e9jYfnwXT2j0NV4fREZZ7pM6x2fvemXjftgcmxuGTrzSBHT3eML5WLpYy1KyPTxoChzC9eQEr5VCnIbi5eDDB3n6DU98BBbWIeJee4Zn9FrmP2q+dp5bR0/D1QXAXCclR00mGTrUxI91lByCJ37CxGuLUeDBe90ngY0MaAZZrtdSa1hOCACAZ/MCR5Diqmq9s/meQELS086DZmWnqJYmdSQTG3UcMoYeW9x3s7DfWptMbftPMcC6fKEsyo2k7EzI7iDBAPYrek9pzjb0/kpKDFKmOJ4gHiKVLyrBd4yWCyAtbLE5DsxGkjTFI4cThqcjl5BNgdYMuOIxvzOQnelWq9qXglHUBloOGdWncr1IAI3jk+g4SVYgQ4yZXCkW8ykjzAMU7ao9uLG4DdmgfXmWFxI37xl3q/wCZPbTq+itYaaCReoIC3vsgZHwY4sDAxRmRt/2kK9wQdK1rQ3E29ZxIO50EH30R08DGmtTJGHWBBEkDjzCTD7VXCqp2X/pdPIWTNz7+VJVSAL9SkVWsZLKMrgt6DIgqdgLFmFlXo2ToBAk8hvgeSTfbN2nV+76V+H+LCTAOWbjoC7jvyBzS3yl4w+HVVMI4+D0gd1bda7DyhSzXxor9lPy/XW9enXojE+sfCfqpb0KNYHCIAGeQ0PeoE3it4HgkHhtNcEglaudlvffFhR2ZfkRsRvrUUrk/zD4N91maVsDEn5T7pD4jyRX071UDCMkRW6i+eFxhdHikxGUbhksTg5DHyHE37jjBBnfoucBja0bhqY9eGke6deXqXiEUTCJWsYnhVnQI5hZckJBC4uxjj7AEXI2uw15u6eelLnmAYnhq2R4T4L6Hsikx9mGBsvl5ga/DUw89SPEKDzbX8dWKcAOPeG92b4ZN4Pd+mwXY9xGBkL93tbI6C1wmrTLjo1x13lwKb2tS/wDNVa0H72mNM4DHz3Jx9livrzUe5zN06dIppFZkSG0hmRt5pQhYN1HsgZnuwIAVHaPrF9PWR4+xXi61pWiW0yTP4Z9Qtn+L/KHKFHR1FTSyRPUSTQyMqzicuVm94u0CSE7SxofKFtdlBUOQVLirSe0NJGrd+4kA7+HuV0NlWVyKrnOY6Ojq/wABiejdhGmpMAAanILkxuXa3AjF75DuO+4ub9j679tOOuqP42+I90tT2ZdzHQv+R3sh1nDuIrT1iYmz9Cbt9aN2HlN/SOaUsLEmwP1d8DcU31aWFwOZ0I3tP1ATrLC4o2lz0lJzZY2JBGlRhPg0E9xUvwvLLUE7G8MgsPviO/8ADrHbH3E/mHoVf/Es78if5bv9mH6JZ5KWqT3nD6ZimhFyFGLgQviSy+cRyTEfsnE79tN3ZH/W53wzJ8DHnCQ2TTLm3NBgJcWwI/LUaTv1wz4KQnJVRYbP+Bj7/Z8XWPXaP4h++5OnY15P3R8vdb95p5dhXhRVW6jJPTWToqloVSXJmYXLl2ZEJO9mub2JD9Rpa8Fu+ZXkwcTC127RTODeLHHIyuzONiyOth2sRkGyH5+uwvrLqnPySzaty109JI4FvoWkR5qPzfPPXSCTD3fyooSJ42W4ByYCSFyDKSC2/dVsBvkItKI1YD3Lts2tegQ2q9o/un1Q6rgUdwMAfn8WNfyxJP7vx0QtKH9NvgjO2L/+u/5ivz8uvdfLAu2wNSq3/wBQVRe23ofv1fVaH4G/KEJ2tfHWu/8AyO91aUHIdYx2EBUEgsJWksRfyWRhZri2+IFz3tY0aVEaMHytQ9evDrWf31H+6deC8qUcYCdKnk2tlKmZ+0MTnlftuNxrB1FhzAjsAHoj69XjC57j2uJ9SqStg4D/AOTF0pVclQJI6aOMILWtDh00dWxuc0Ztwb2ZRoKlu2o2HZhHb7RqWzw+lk4DWNZ7Uv0nDEUsFPEiTcX91hVbbX/9aAtkBvc7i222tjbggZrHr5kw3Pv91M/7bPyrv5Kf8ep0AU687kkuv4GoxIZQBsFQB7fLYKxHy/ppp1JvELyNbZtOoQWt8iR4SsqigVRYyVHb6pKC38IH57axNMj4SPNLnZ9dvwFo7iPqVJeuRFxCBsRYl2RTa3qwZSWI/wApJ9Tqmh+pI801TpX4OFzmR2OJ9WovI3NNO82KRtcB2uFktiuOYBLFGZQ6Ei4OLKbWO7Lm5Zrr053nPkE8Tcx0IAZo0ft3XL7Ra4axFu+xHz0OEblpnvTZHz5y9UG8sYLFDGHF45QDb6E8ZSZPojtKvYfIaxdQcM2latrbjoljm/i/HYZV93eN42F7TWaRDYbBgsbMt8iC3VJFtx3O1NpI+3ryWL3AfCoKcd8QWv8AEgHawKLsN7/Thfvt6/u1rhHArHEVM4fFzgx8043v9FUt+GKLqzlooFi3KvNv+Mf+Sv8AboZPBTPj5Kg5NpYGWK4U3SMm4B3x9bjSNQrrUgDErY1JwXh4A8kX8tfkfs0kXHiumymzgPBWPQiHYAduwA/TUmVthA3LW3AqCmRp3VUVveUXNVCtiQSRkADYnci/fTznH7IlcjC0B+W9R+f3Za+BRcB2TMDYNeKQnIDZrkAm99wPlpobu1IDU9hVbKoBe223ptppKo9CxJ+4H9NGgKmPUSgrYkXHoSP00LtETNUh808x8WV0AkmF2ttKw2/BtLu0TDdSq2PmDilh8SbsP/q392gJVgBf/9k=",Triveni Ghat Ujjain,4.3,,Hindu temple,,Ujjain
"data:image/jpeg;base64,/9j/4AAQSkZJRgABAQAAAQABAAD/4QAqRXhpZgAASUkqAAgAAAABADEBAgAHAAAAGgAAAAAAAABHb29nbGUAAP/bAIQAAwICAwICAwsPAwkIDQ8IDwsNDwoJChANCg8LDg8KCg8PDg4OCRAIDQoJCgkICg4NCAsODw0LDQ8QCg0NDgsKCgEDBAQGBQYKBgYKEw0LDREPEg4SEhIQDxAQDhAPEhAPDRAQDRAOEA8PDQ8PDxAODw0RDw0ODxIPDw0ODw8NDQ8N/8AAEQgASgBKAwERAAIRAQMRAf/EAB0AAAEEAwEBAAAAAAAAAAAAAAYDBQcIAgQJAAH/xAA6EAACAQMDAwIDBgMGBwAAAAABAgMEERIFBiEABxMiMQgUQSMyUWFxkRUWgSQzQlLh8CUmNFOhwdH/xAAbAQACAwEBAQAAAAAAAAAAAAAEBQIDBgEAB//EADMRAAEDAgQDBgUEAwEAAAAAAAEAAhEDIQQSMUFRYXGBkaGxwfAFExQi4TJC0fFScrJD/9oADAMBAAIRAxEAPwC1cvdPc1RLGw1VWU8qYipRvxsVuDbgGx4/brjMVmEgLQNwVGLI62j3YrzMgdfIPxtY/wC/16Ia8O5Iar8PgSwqX6SeOspo2HsRfqBEGEnIIMFLW64uLxUHry8sWjv10FcSTJbqYK8kXjB6mCokLVlh6sBUCFr+M/h1bKjC5WQb77bJVUvj1QpI7AAhOXWLIEM8Zmyxxw5x4H+YAFa2nGqPNTmpO2l3BrqWlix3Ohf7pUTwyOpEIc2Rrl2SUNGwIKlyAAwIJtDQp/UVRYOKsL2y737tpYYElqaZ0CqcpIXiYAxmVje6IAMXy44/DggEhjHDeUDUe8ukkKyWh6i2r6PRyGLEsga172v+fF/26FeMpIUmmRK3uorq915eXwi/Xl1IulupgriRkjv1MFcIWv4upyoQuB9NPpWjyJJ62dXlkbFRf7tkvfEPdjZvY29wDfqvMTZXhjdSpYptX0ar3Duei80ck1MJfII1nHjNIopZGuyKjJGUuMWJOfC8W6HZUdbM2J5gphUoUwTkqTGogj+fNE2gQ1WiabC61kgWx4UlfVbn6pxaQXsTcfQ3PTaiUirMiYXRrsR3HoqXtnpQk1YyPY8HkoOWAuSWb0rlySRkAOLdU1mZny1eonK2HI23X3b0bbOluwDTNewRRZiRe/LYgexA97mwAN+qhRM/dYcVdnmzQSeAWpsDvPpm/K8R/wAPmgexIEgTFseSAys9yBzzj/668+jlGYEELjXmYc0g80e/MRlgMwebe4/r+1jf9D0PCtlZBllX3v8A6cH/AM3HXl1JsnVgK8k8fy66owuJehdg6ncFJ411WnzLslm8ygBrNl6ogGCfdv5f1FiG6rLoujAwusFPknaXY9RqHcCpg27OlXNFKk5eUlQamUPNkJJSI83DFSsKrl7Y3x6XUqri5rD7sntfCsZTfVbr158F7RdkV2oaVOkahCCxLNewESeOQX5sHjJtj6fvXK2LF62wlZV4zOCk2rl3FtOkpIhXSqBFclJJMRhTl/cGwzdD96NgyqbG9iOZgTKnTZ9pB5xygJ72fufUNY3BQLLXysbSWDRRXuJY48hJYMLCXxhQbEkk3b2prxoOPomGABDieXqE/wC7qqehmt5Abkj7RXYAEDHhWUofUFBDWBbkEcdCYWpDym3xSkDQBI3/AJQ1qe5tzbVq0tWTRjkeiskAWwFwEMfN2Pk/vOSx5IOJZNqB4lZJ1AsIHqi6bunufY2l0zDJGLCN8wrB2xEn3SWZCuZawsvqtcDG1TXMfzVjqTmaWWlS/GXuPRaaMSbejqLA3YeWL7oye7OoUlVBY4qBY39lu94o03XBjxQ7n1GWInwR5D8XmgTQoflI+Rf/AKtfr+YTn+nU/pHcVV9W1cvNgdjNSo9Vpiaqp4UOAryDFQRLi0bxs8Z8Z8RuwJTgILFukf1TCNYT0S3VpVqPia7nR7z2ht+SPUZaSRXbFoma7B2RGjdZPDdXwRz6HJHAFiwaik9rNSETiK7C2WzPT8qIu3e290rvSnkNcMfl5LiGjp08qrEyC7oSwtksi2H1vwOCfTrNcYBQGYcFPWoah3bj3HBjRonkp0dEMk6gJHGoAIDzBGQ+vkD1m9rAKsyY1RQaTYOHvsRnUbe7h12zp/7Qq1JiZxGpSySsSYySzoWUlhPIoMeRFiGuT0pq4xjn5BNuUDvTfB0ww5qkQeCw2lsruBrDT/M1oVAHKfZo0npIEeWLx5FkQMbHHNjzYRqlFPGUmPu6Ld6IxbhUpZALz4XTRuSi3PrVZGvhDfgXp5ksfIkVsi8o4EiSEj0lEbEk3HTOni6Rs1w71nqtF5u4H30Wju2n3hqumplQvIY1WQg+93xjAAVLMRbEjIcE+ogDqqnjKNw1w33U6lF5gkeCDHn1yabUHk0mrRYzhK0SoRG0oVV9PmJKsuPqAa4bk+yg7D1muYHMMjYoKuwl5mxQ5WbS12uq52GmTAMxYXiYWBNxwOF4PsOB09bimgALNuwbiSVImwNL2ytHuKm/k1mEUjGMMQvkbxrJIILYNgPLHTq1yuSFcyQT18Yp1saHD5jAXOa39wibyLC14m5t0X0CnjMp0kTuNR75J2n7h9p9uioGdXC3jyKp/ECy8cDxJ5GVgTiQI1N73/xW0bWF39p22tTIuwR/r6wt/Td+7Nh2hp7rrM8buEMiBJLjOxe4lhmxxyOeXAsbng9XiidYVVT5NwAPELPXu5umE1Kx7+ZitK4UWpQxkxtGisIY2X6DhwLlQbDIGFdkNh3Z1Q72teCGaxzTNWbqp9PfS7bO+bRS93JowZQTMM8XlHo8ny+eRzykUYnFisvmU4/UEWylVH25DCOxvnbUO2af/lqdXFlYRxx3yjsXF1c8MtyAbHEjIJe4jmpf5DvU8lX9zT3LV13fmi+SNkWrRVjb0Ks+TG3p9NyR6icTe3p/PiJbTPDwXMjt2+H4SZ39pkmjyD5urRyCVJR+LW/7iuOPSBce9yAMbgM4agb5R3LhJ3HmgTSe6BqdajibVJ5FecIgNMFaVlYiMEhIzERImUbBlIuhyvj1cKIpMmlaNNYnjCBqNDpkdU/Sb4p4pGBoq24Njfw3/raS1/xt0UMRi948UJ9CzYqNu0XcSs1Cn0U/KR+TEiQx4h4xlaVcwAZRHUTKrMwBfkgqMesxiqhaQYJAIAO5BNuzl+FPD0TUkRc3hEO1dW2t3J7oanSHTCZIqdJJMvHinkDxPF6QhJUEkMF9SSeog8MxbS+1r46LQYR5FPK/X+kl3d2Ttjt7pm65hp1ikMkluBGAl5LH3KhpFv6Bf39rkGxoGcU+aYZJpmqos2jsWfd+h6HPFIkckkRAu0jpGcCQGBZvIlsXK4re9rsLMbnjKTN0vDgQJCtzqk+ibB7ICrkUlIKfzvgovIQmTWFvUWa+Iv7nm/PVgpZ2iPdlW7EfLcZ0j1UbdofiB0buLqWlwtBH5JkaaIqGBKjxseGHpH2ixDk+4Nz79UCmQTIt7srBiMwEGCRp6+pTz3q7v7R7e1OuH5SOQ0wR5zx9kHGca8XKs8bJgcGHIGJuQPVaYJDWt6K6hUOUuc7TVMddv/ZtR2jXUF07yqKlUCcZRsUyiTgELi8hYMLehshe6oaCxgbmjQ91tFb8x5qZCdv7Pco77JxaL3L3tvBP4j5JIoscFWyI6q2OLAnzGIM9PNmotIpuD6D0SyhBGYahBVKs/cHTcjx4bFPL9ldXmcn+ZKjnn7zfX9GA/YAfl1eKjuCGNNs796HINZo+2kG4hDttpCaqQ3VixwNSbBVuWa6JkcBzZTewWyt9J4dDWWj35Jrhzh8udzwHSeEp37C7b0bbHfLXJlpp0lljLSNI0hDhmjcgBgtsX9C48AIRbjokOq58r9BpZQL6Jp/Yb73Hf4boo77ah/MVHu2mSkNRK0DLimJYZKAfTcmw8ignH6g25BI5ltbMbDirXYqmMOW5r8Er8OvbTXtm7PQyQCMCQNHcqWxaJEOXLDK6scSbhSDY2boet8QptzEEGCR0PA8+H5CUmu0AR7/Ck/eW14979k9UopGeNJYTEzDEFUPFxliLleBxcXBx+nXMR8YGGZnaJgEm4AaBqTNoE31QryyoInUAdvBRftLsLoOy+4W2ayLX2iSOjaFImMchYytG6t5AxIRooBZhA98rmTJSp9QxdapS0F8pm5ExJEDjNoJshPqWte062IGmhPHsUc/E52+g3JpfdyWM+Z6ulpmjvJDizQgQoE/xKWRI3PkIJY2UlQHZnQrgvY95EDcaRfx49g2KYgvrUKjWC50F52O+35O4RR292LWU3w+UkE1S8b/MU0joFUlXCRRt7qb4yAhvoLe9rEwD2ua4NM3TJxDXtJ4FCfwhbMr9n9yN3ytptTAstbVeNp4nRZlZ1a8ZZR5EspIZSfvHpi8vJBcIEWS2n8kNcGGTMnkd9Np496szpNdTNpdH9on92v1/Ift1AFVOcJKi3Tqrt/RaXUSNNBMFYkmKYuFueAbAkgC4yLWsSAQFt1nnY7Fftpd8ju180vdVaxsuf3XWe0++O19NoJpBoIgk8llDImcqxASOyWLgpHG8XJk4Mqi2TL0vdSx4EucCZB3tuZB4iI8tEOMdS2BHqjzbXcXR9wrWOJY0JkIIPLXFlIb7wByABBf6XLL7KHVweKzTnkddO/mr24xjhp75oc0LuJoW6KvUTHuEx+OWMuH5iOJa4QkJiXsVJIIsMsLFgasNgKlORUEi8A8Zsbi511HVCPxbHmWmNJ4cwE37n78QDQ9QYV0EimTxRt80gZ2P4gEFRdvCRc+pH4ayguWYEN/UJmZHDtAvzjVCVcWY+1V6074qoRvfT6eZxTiOMTTmCUlVClmqFdwzu7BREVfC7Lc4pkw6f1MEflh1PeOp879J7UG15m+isYN17S3oulGJZK2VqV3jdnk8TYY3EhMZxfJkIjkGS+srGCHVc/in1MhFRuWCJMjcE6RwjQgRvstHRrhoGQye1OMQSm22JZ9NVXxyK+QlYyFDEEiwYiRSxa5U82A5yRUjqMO4k6G9yBpzFuavdiHxNQQldub2i2eYozEZ4ZD5jTsoxBtkzwSAIKV1JupJUMrHggAppcN8TrUgGVQH094N+vX3ZL3QSC2Q7ZETR9kKpix3DHGTyVegUspPJDFUZWZTwxViCRwSOetDkwh/9FD6mr/iueGxQKDWd+4jD/iYQY8WUrkV4tZS0kjEe13Y29RvVXvl6D/r8BJ6m6FNr6lV1fdXb0RqnaM10wKMxKHNEL+k8HNiWbjkm56PYxppAkbD1Uaf7feyvFrlFT0Wk6EywKhIdiVUAlsL3JFrm5Jv73N+su4nKR080zqADRAXZvTqRe39fJ8qmfy7NniM7qJwpy97qFUKb8WFvYdTqOP2id/4QzWj5ZMbIM3PtfRp5duOdIhLfLpJkYkyzIdi17XyLAMWve4Bv0a57mtsdz6IeBAPJQfug/wj4oNqun2TNUPkyelmyujXIsWuhKG55Uke3HTnDmcMJ5eiiDqrNfBjrmo6120oHevkmYhiWkdmYkjkkkkknFb8/QfgOsL8XMYpzBpBtt3JxhP0E81Yiikc09IMjbKIfui5fvYX/G3Wbf8ApneB5BNaWsJ5rtLop5YCaRCfIRyi+xax+n1AAP6dXUCQQNreRXngTPvVEcWl0fjT+yJ7f5V/+dMAbKK//9k=",Kaliyadeh Palace,4,(1.4K),Historical landmark,,Ujjain
https://lh3.googleusercontent.com/gps-cs-s/AB5caB_8XPfhkLdjciqcDALPoAN5vgoTxQbtxptQLmH-XuJMb2C15M91r_Ubd61tFBACyKVJv2D1CcRfiHkMORKHWo4GZrkgI6If8_-6CRlVlwsTmUwRDx07GIsOh1jeylfegBoL5rI=w148-h148-n-k-no,Shri Kashi Vishwanath Temple,4.7,(1L),Hindu temple,Free,Varanasi
https://lh3.googleusercontent.com/gps-cs-s/AB5caB_EXFp2Jk1TFkzm9-Lj5GTo4z4LAkemvn0SqdahW57P6tjOhc2y21D4ltnjmLwsXRi-dEIL1WBBaztKkr2p3vCtry8DjlrHXzctms4ShZln8xa5uFqQtdx3cF0mi-R99rlPw3cgDg=w148-h148-n-k-no,Dashashwamedh Ghat,4.6,(66K),Religious destination,Free,Varanasi
https://lh3.googleusercontent.com/gps-cs-s/AB5caB_CP42ZMl8OQGwx_xTHQRPY0frEesu6AJd_rDcrDWC_WH2ml_zZtRvgTi_AbDFXN66Xnre798BVj42eEEoJln4nVj7xvbafqFeuyPG2okLrQxmmK9S8HRzFqyLCN3f9NilgaNc=w148-h148-n-k-no,Manikarnika Ghat,4.6,(9.4K),Hindu temple,Free,Varanasi
https://lh3.googleusercontent.com/gps-cs-s/AB5caB-3Tmvtozv0qdyapDLbraxr9z_7A37ELjGJD1T6ThtWxhGJLlTLQF-67trRQS0xPyjqEYNqeCJcXriel-PJfjVwmzaJkAxhBu_A4zepWEwiNcvf6Ej_0i_twW9lm7QxflPDBytP=w148-h148-n-k-no,Assi Ghat Varanasi,4.6,(70K),Religious destination,Free,Varanasi
https://lh3.googleusercontent.com/gps-cs-s/AB5caB-1esTEm7-UeouvjfpEvsua2CYmhaJqr0QFRzEABBYC9-CaEL3wAnt_Yl7EvHZG1YTdVirrDE6eeziPG7OHcEMStPv0TuQJUKGSMRvAeT1wxunY4pM_hcoc6d4t00eZDQkLcOE2Vw=w148-h148-n-k-no,"Sankat Mochan Hanuman Temple, Varanasi",4.8,(7.4K),Hindu temple,Free,Varanasi
https://lh3.googleusercontent.com/gps-cs-s/AB5caB93hI91aeQP-g3RFhFMcgXxW5vecUtMAn8SXsMQZ8C5SLbt9rduG8C9h6FM42dgwSCbovriJiDgxA9ZKgs6T_Dnems0uWwYCJsDz3evfmDSaUJamyrUkhQpkiFtPtddR19wGNys=w148-h148-n-k-no,Ramnagar Fort Varanasi,4.1,(34K),Fortress,Free,Varanasi
https://lh3.googleusercontent.com/gps-cs-s/AB5caB-B3hrCP0FUk2t9_aLKtPmKePJvB2AwvJjoojtUyzsO5dZGXLFawBCobvPk3HF3_ku8gRlcthAhT3_mk4Chk6Fdp46ZhkB9iJeuTjz92S9JYOfTrx4HBqpNnN0AjlqvMcdF3zY=w148-h148-n-k-no,Sarnath,No rating available,,Neighborhood,,Varanasi
https://lh3.googleusercontent.com/gps-cs-s/AB5caB_w07pJ1U5VaKkajPNVknREHkLdJ6fpFT78GKrIqLJH1OEQaGoeyPirM_WfCbIYNW5uHbtt6olqccT6Fr3ySaoCFO613RLB2nM2CQFtVRPeMTVZIq1lTMpuKwhXTWW4xiKy_w3K=w148-h148-n-k-no,"Dhamek Stupa, Sarnath",4.6,(7.8K),Buddhist temple,₹250.00,Varanasi
https://lh3.googleusercontent.com/gps-cs-s/AB5caB85OZPw4857yiQDv817zks6oE1wIJ14Q07KCcc8u52nu_zGGDjWHa3UeOdqFNQpoV8F5I9NtjntUWrP8o12UUjuIagZmqMaxZqAZ-s_IHpaWy-HgnVLcEQHXnDcFCyM-VMD6MNg=w148-h148-n-k-no,"Shri Satyanarayan Tulsi Manas Mandir, Varanasi",4.6,(9.4K),Hindu temple,Free,Varanasi
https://lh3.googleusercontent.com/gps-cs-s/AB5caB-DSTpSr6TPlal5yG8zHnMtY9y06uygnyEqrfSmFqleswFd7e37OJrjlu_-2hE_BHtia5xYLb8SAq5xf5Jw2Xeeq9EqEdf8srVubDnGu1GHojEMaA7hYagOCsbYAC9hyX3RYh8=w148-h148-n-k-no,"Bharat Kala Bhavan Museum, BHU Varanasi",4.5,(1.4K),Museum,₹250.00,Varanasi
https://lh3.googleusercontent.com/gps-cs-s/AB5caB_q_zcXajzgBh5O_dlc2AwYQvMxIJ83cWYAMpnqUl04oJBdtDX_8ZdsEdS89wuwygAUFOmmfwrvFOjwAsPP1XqgqnWxE3irvnldhEV05uaMVNi04267ALuSDC3INCwKT8K7gAQ=w148-h148-n-k-no,Shree Durga Mata Mandir Durgakund Varanasi,4.7,(1.1K),Hindu temple,Free,Varanasi
https://lh3.googleusercontent.com/gps-cs-s/AB5caB-4iKRyBFgq0TpUmnBGu00oay9zobvWIicirBf6QXZmI9IVymkHZvhJMkzsLl3ohrRrhQgAFFoKS-JgOaXCrbE9xjijMfDSEa6ugDiWREtb7bBBjLR69IVqQE2__QFRXoistuA=w148-h148-n-k-no,Banaras Hindu University,4.5,(24K),University,,Varanasi
https://lh3.googleusercontent.com/gps-cs-s/AB5caB8hMsYzFvOExG_84BeLr5v274rloWotxu49d80l5s6k1e1cOtW-C9v65LrXJpXNo4E4WBPN81xOK464Xu5ivqlPAuHZt5_5gPjwCmE00RHRhQvUPOikpmXHg2jnhsq7xUDeT0mE=w148-h148-n-k-no,Kaal Bhairav Temple,4.7,(25K),Hindu temple,Free,Varanasi
https://lh3.googleusercontent.com/gps-cs-s/AB5caB-KfQVYmDVronZN8MrfnUoQQ7qmlqy2zglkXXag8v3aIyaf4J5INx2-lCBe7DJhwIFhgnjqQ7oQ09tX_iQ4UlH9eiltgQAI44qwKXJaYJwSesldYJyQRGuyyneZ60Fn4Q2SQOjz=w148-h148-n-k-no,Nepali Temple,4.6,,Hindu temple,,Varanasi
https://lh3.googleusercontent.com/gps-cs-s/AB5caB9IAre876jb6A7nrRz8Wykpoz5lF9FCx7ypyLO4VFv2GJ5ZMD0hK7Bo7p2C55BREzyJOeks5nWOy5-PJfUQjXzz0qxyJj_GL9uRpMSSLamOMRluuLJ2djaSamZcyP5ETTNMpcc=w148-h148-n-k-no,Shree Annapurna Mandir,4.7,(1.4K),Hindu temple,Free,Varanasi
https://lh3.googleusercontent.com/gps-cs-s/AB5caB84V1CcM1RbjJXXynU3M7h4ZibAzyFlY8rvdgzexR9Ddoz8NNuefIXxFjBcgZ_GbxLqUlFvfNU-3bNHj84Bdw1ORWAu6zutlHQozRH9MPBKVcUd79GljPxvjvUf4Vj7KYs-Y0lO=w148-h148-n-k-no,Shri Batuk Bhairav Temple and Shri Aadi Bhairav Temple,4.8,(1.3K),Hindu temple,,Varanasi
https://lh3.googleusercontent.com/proxy/XI5AOh_9hIITbDAYM5BaS8F_-AKrjHg1yA6Y1HZ5c_mXZ-Og1yeB5p-xgP3AagQ4EJmfNFxjCUsdJ66EguXVa_PR45BvYMepobNeAy7PWJFLHIYafqXYiNcfZiGpR8VOhsWzD5pQEjO51dEhK_HTWdEF7OQvziZ8K5qdH8EtvLEu=w148-h148-n-k-no,Sarnath Museum,4.5,(7.9K),Archaeological museum,₹5.00,Varanasi
https://lh3.googleusercontent.com/gps-cs-s/AB5caB9FFrj1JtWte6BlqRlTtlCsjMrAhom3z4Cb7SmmKdgCXVMzq6HNfQGcq2U6HcXKJ76ShZRvqWcwsAuegOceXVWwuGYrb96p3MMS7WWSQEAyMKgAkjsgQe2Bw_2XPYayJl1DY0LR=w148-h148-n-k-no,Tibetan Temple Varanasi,4.4,,Buddhist temple,,Varanasi
https://lh3.googleusercontent.com/gps-cs-s/AB5caB_uW5q7v9WthCXwdsGa6xkW1BM-qEGqLuIOVhm0xo0nyVOSxtsvD9U-9mo7B0RVYhYNF0aF8ySqHiVxdyW5Lz4bGXyaEcYhbCjx3C4MUJ3kCfxtxlbDIeGhSWVNGFzjgj-oTzY=w148-h148-n-k-no,Bharath Mata Mandir,No rating available,,Monument,Free,Varanasi
https://lh3.googleusercontent.com/gps-cs-s/AB5caB-SkfXoLtA9U83J_URurAfuXG2dyLQpEnGGFlOMdc0AqhmxsS8qWflGrGQbPlpp1wOj7H6iN6zr9r1Zrw8mym-eZcr9Svt3uWlWBHeev_-_H4lbTuWS0bUcJ8oFqqZ-lTsCBVQq=w148-h148-n-k-no,Chaukhandi Stupa,4.4,(3.8K),Monument,,Varanasi
